session,config,loss,loss_key,checkpoint
indy_20160426_01,wide_2x,20.364683151245117,best_loss,/users/bfalkenb/scratch/bfalkenb/data/snn_checkpoints/bmi/indy/no_tau_syn_sweep/indy_20160426_01/wide_2x/best_model_weights.pth
indy_20160426_01,wide_3x,21.146718978881836,best_loss,/users/bfalkenb/scratch/bfalkenb/data/snn_checkpoints/bmi/indy/no_tau_syn_sweep/indy_20160426_01/wide_3x/final_model_bmi_iaf_hard.pth
indy_20160426_01,base_thr075,22.418424606323242,best_loss,/users/bfalkenb/scratch/bfalkenb/data/snn_checkpoints/bmi/indy/no_tau_syn_sweep/indy_20160426_01/base_thr075/best_model_weights.pth
indy_20160426_01,base_decay3,22.576786041259766,best_loss,/users/bfalkenb/scratch/bfalkenb/data/snn_checkpoints/bmi/indy/no_tau_syn_sweep/indy_20160426_01/base_decay3/checkpoint_bmi_iaf_hard_epoch50.pth
indy_20160426_01,base_thr200,23.943185806274414,best_loss,/users/bfalkenb/scratch/bfalkenb/data/snn_checkpoints/bmi/indy/no_tau_syn_sweep/indy_20160426_01/base_thr200/final_model_bmi_iaf_hard.pth
indy_20160426_01,deep_4x,24.197551727294922,best_loss,/users/bfalkenb/scratch/bfalkenb/data/snn_checkpoints/bmi/indy/no_tau_syn_sweep/indy_20160426_01/deep_4x/best_model_weights.pth
indy_20160426_01,base_thr125,25.307437896728516,best_loss,/users/bfalkenb/scratch/bfalkenb/data/snn_checkpoints/bmi/indy/no_tau_syn_sweep/indy_20160426_01/base_thr125/final_model_bmi_iaf_hard.pth
indy_20160426_01,deep_thr125,25.337038040161133,best_loss,/users/bfalkenb/scratch/bfalkenb/data/snn_checkpoints/bmi/indy/no_tau_syn_sweep/indy_20160426_01/deep_thr125/best_model_weights.pth
indy_20160426_01,base_thr150,25.968521118164062,best_loss,/users/bfalkenb/scratch/bfalkenb/data/snn_checkpoints/bmi/indy/no_tau_syn_sweep/indy_20160426_01/base_thr150/final_model_bmi_iaf_hard.pth
indy_20160426_01,medium_2x,26.354944229125977,best_loss,/users/bfalkenb/scratch/bfalkenb/data/snn_checkpoints/bmi/indy/no_tau_syn_sweep/indy_20160426_01/medium_2x/checkpoint_bmi_iaf_hard_epoch30.pth
indy_20160426_01,medium_3x,26.421367645263672,best_loss,/users/bfalkenb/scratch/bfalkenb/data/snn_checkpoints/bmi/indy/no_tau_syn_sweep/indy_20160426_01/medium_3x/checkpoint_bmi_iaf_hard_epoch10.pth
indy_20160426_01,base,26.421367645263672,best_loss,/users/bfalkenb/scratch/bfalkenb/data/snn_checkpoints/bmi/indy/no_tau_syn_sweep/indy_20160426_01/base/best_model_weights.pth
indy_20160426_01,base_decay1,26.488134384155273,best_loss,/users/bfalkenb/scratch/bfalkenb/data/snn_checkpoints/bmi/indy/no_tau_syn_sweep/indy_20160426_01/base_decay1/checkpoint_bmi_iaf_hard_epoch10.pth
indy_20160426_01,base_decay4,26.508441925048828,best_loss,/users/bfalkenb/scratch/bfalkenb/data/snn_checkpoints/bmi/indy/no_tau_syn_sweep/indy_20160426_01/base_decay4/checkpoint_bmi_iaf_hard_epoch20.pth
indy_20160426_01,deep_decay1,27.294363021850586,best_loss,/users/bfalkenb/scratch/bfalkenb/data/snn_checkpoints/bmi/indy/no_tau_syn_sweep/indy_20160426_01/deep_decay1/checkpoint_bmi_iaf_hard_epoch10.pth
indy_20160426_01,medium_thr125,27.533761978149414,best_loss,/users/bfalkenb/scratch/bfalkenb/data/snn_checkpoints/bmi/indy/no_tau_syn_sweep/indy_20160426_01/medium_thr125/best_model_weights.pth
indy_20160426_01,small_1x,28.250232696533203,best_loss,/users/bfalkenb/scratch/bfalkenb/data/snn_checkpoints/bmi/indy/no_tau_syn_sweep/indy_20160426_01/small_1x/checkpoint_bmi_iaf_hard_epoch10.pth
indy_20160426_01,small_2x,28.51714324951172,best_loss,/users/bfalkenb/scratch/bfalkenb/data/snn_checkpoints/bmi/indy/no_tau_syn_sweep/indy_20160426_01/small_2x/checkpoint_bmi_iaf_hard_epoch10.pth
indy_20160426_01,medium_decay1,28.764345169067383,best_loss,/users/bfalkenb/scratch/bfalkenb/data/snn_checkpoints/bmi/indy/no_tau_syn_sweep/indy_20160426_01/medium_decay1/final_model_bmi_iaf_hard.pth
indy_20160426_01,small_thr125,29.428373336791992,best_loss,/users/bfalkenb/scratch/bfalkenb/data/snn_checkpoints/bmi/indy/no_tau_syn_sweep/indy_20160426_01/small_thr125/best_model_weights.pth
indy_20170124_01,base_decay4,30.68726921081543,best_loss,/users/bfalkenb/scratch/bfalkenb/data/snn_checkpoints/bmi/indy/no_tau_syn_sweep/indy_20170124_01/base_decay4/final_model_bmi_iaf_hard.pth
indy_20170124_01,wide_2x,30.704694747924805,best_loss,/users/bfalkenb/scratch/bfalkenb/data/snn_checkpoints/bmi/indy/no_tau_syn_sweep/indy_20170124_01/wide_2x/final_model_bmi_iaf_hard.pth
indy_20170124_01,wide_3x,30.763628005981445,best_loss,/users/bfalkenb/scratch/bfalkenb/data/snn_checkpoints/bmi/indy/no_tau_syn_sweep/indy_20170124_01/wide_3x/final_model_bmi_iaf_hard.pth
indy_20170124_01,medium_2x,31.04446029663086,best_loss,/users/bfalkenb/scratch/bfalkenb/data/snn_checkpoints/bmi/indy/no_tau_syn_sweep/indy_20170124_01/medium_2x/final_model_bmi_iaf_hard.pth
indy_20170124_01,medium_thr125,31.054218292236328,best_loss,/users/bfalkenb/scratch/bfalkenb/data/snn_checkpoints/bmi/indy/no_tau_syn_sweep/indy_20170124_01/medium_thr125/checkpoint_bmi_iaf_hard_epoch50.pth
indy_20170124_01,base_decay3,31.088970184326172,best_loss,/users/bfalkenb/scratch/bfalkenb/data/snn_checkpoints/bmi/indy/no_tau_syn_sweep/indy_20170124_01/base_decay3/checkpoint_bmi_iaf_hard_epoch40.pth
indy_20160418_01,medium_thr125,31.10306739807129,best_loss,/users/bfalkenb/scratch/bfalkenb/data/snn_checkpoints/bmi/indy/no_tau_syn_sweep/indy_20160418_01/medium_thr125/best_model_weights.pth
indy_20170124_01,medium_3x,31.3305721282959,best_loss,/users/bfalkenb/scratch/bfalkenb/data/snn_checkpoints/bmi/indy/no_tau_syn_sweep/indy_20170124_01/medium_3x/checkpoint_bmi_iaf_hard_epoch50.pth
indy_20170124_01,base,31.3305721282959,best_loss,/users/bfalkenb/scratch/bfalkenb/data/snn_checkpoints/bmi/indy/no_tau_syn_sweep/indy_20170124_01/base/best_model_weights.pth
indy_20160426_01,small_decay1,31.376907348632812,best_loss,/users/bfalkenb/scratch/bfalkenb/data/snn_checkpoints/bmi/indy/no_tau_syn_sweep/indy_20160426_01/small_decay1/final_model_bmi_iaf_hard.pth
indy_20170131_02,base_thr150,31.406721115112305,best_loss,/users/bfalkenb/scratch/bfalkenb/data/snn_checkpoints/bmi/indy/no_tau_syn_sweep/indy_20170131_02/base_thr150/best_model_weights.pth
indy_20160418_01,medium_2x,31.48302459716797,best_loss,/users/bfalkenb/scratch/bfalkenb/data/snn_checkpoints/bmi/indy/no_tau_syn_sweep/indy_20160418_01/medium_2x/best_model_weights.pth
indy_20170124_01,deep_4x,31.643253326416016,best_loss,/users/bfalkenb/scratch/bfalkenb/data/snn_checkpoints/bmi/indy/no_tau_syn_sweep/indy_20170124_01/deep_4x/best_model_weights.pth
indy_20170124_01,base_thr125,31.812992095947266,best_loss,/users/bfalkenb/scratch/bfalkenb/data/snn_checkpoints/bmi/indy/no_tau_syn_sweep/indy_20170124_01/base_thr125/best_model_weights.pth
indy_20170131_02,base,31.82227325439453,best_loss,/users/bfalkenb/scratch/bfalkenb/data/snn_checkpoints/bmi/indy/no_tau_syn_sweep/indy_20170131_02/base/best_model_weights.pth
indy_20170131_02,medium_3x,31.82227325439453,best_loss,/users/bfalkenb/scratch/bfalkenb/data/snn_checkpoints/bmi/indy/no_tau_syn_sweep/indy_20170131_02/medium_3x/final_model_bmi_iaf_hard.pth
indy_20160418_01,small_2x,31.8327579498291,best_loss,/users/bfalkenb/scratch/bfalkenb/data/snn_checkpoints/bmi/indy/no_tau_syn_sweep/indy_20160418_01/small_2x/checkpoint_bmi_iaf_hard_epoch40.pth
indy_20170124_01,small_2x,31.997966766357422,best_loss,/users/bfalkenb/scratch/bfalkenb/data/snn_checkpoints/bmi/indy/no_tau_syn_sweep/indy_20170124_01/small_2x/checkpoint_bmi_iaf_hard_epoch50.pth
indy_20170131_02,wide_3x,32.06400680541992,best_loss,/users/bfalkenb/scratch/bfalkenb/data/snn_checkpoints/bmi/indy/no_tau_syn_sweep/indy_20170131_02/wide_3x/best_model_weights.pth
indy_20160418_01,deep_4x,32.16741943359375,best_loss,/users/bfalkenb/scratch/bfalkenb/data/snn_checkpoints/bmi/indy/no_tau_syn_sweep/indy_20160418_01/deep_4x/best_model_weights.pth
indy_20170131_02,medium_thr125,32.27095413208008,best_loss,/users/bfalkenb/scratch/bfalkenb/data/snn_checkpoints/bmi/indy/no_tau_syn_sweep/indy_20170131_02/medium_thr125/best_model_weights.pth
indy_20160419_01,wide_3x,32.38803482055664,best_loss,/users/bfalkenb/scratch/bfalkenb/data/snn_checkpoints/bmi/indy/no_tau_syn_sweep/indy_20160419_01/wide_3x/best_model_weights.pth
indy_20160419_01,base_decay4,32.40825271606445,best_loss,/users/bfalkenb/scratch/bfalkenb/data/snn_checkpoints/bmi/indy/no_tau_syn_sweep/indy_20160419_01/base_decay4/final_model_bmi_iaf_hard.pth
indy_20170131_02,base_decay4,32.42172622680664,best_loss,/users/bfalkenb/scratch/bfalkenb/data/snn_checkpoints/bmi/indy/no_tau_syn_sweep/indy_20170131_02/base_decay4/checkpoint_bmi_iaf_hard_epoch30.pth
indy_20160418_01,base_thr125,32.43106460571289,best_loss,/users/bfalkenb/scratch/bfalkenb/data/snn_checkpoints/bmi/indy/no_tau_syn_sweep/indy_20160418_01/base_thr125/best_model_weights.pth
indy_20160419_01,deep_thr125,32.464691162109375,best_loss,/users/bfalkenb/scratch/bfalkenb/data/snn_checkpoints/bmi/indy/no_tau_syn_sweep/indy_20160419_01/deep_thr125/final_model_bmi_iaf_hard.pth
indy_20170124_01,base_thr150,32.509334564208984,best_loss,/users/bfalkenb/scratch/bfalkenb/data/snn_checkpoints/bmi/indy/no_tau_syn_sweep/indy_20170124_01/base_thr150/checkpoint_bmi_iaf_hard_epoch50.pth
indy_20170131_02,base_thr075,32.56060791015625,best_loss,/users/bfalkenb/scratch/bfalkenb/data/snn_checkpoints/bmi/indy/no_tau_syn_sweep/indy_20170131_02/base_thr075/checkpoint_bmi_iaf_hard_epoch40.pth
indy_20170131_02,wide_2x,32.62603759765625,best_loss,/users/bfalkenb/scratch/bfalkenb/data/snn_checkpoints/bmi/indy/no_tau_syn_sweep/indy_20170131_02/wide_2x/final_model_bmi_iaf_hard.pth
indy_20170124_01,base_thr075,32.626434326171875,best_loss,/users/bfalkenb/scratch/bfalkenb/data/snn_checkpoints/bmi/indy/no_tau_syn_sweep/indy_20170124_01/base_thr075/best_model_weights.pth
indy_20170131_02,base_thr125,32.63298797607422,best_loss,/users/bfalkenb/scratch/bfalkenb/data/snn_checkpoints/bmi/indy/no_tau_syn_sweep/indy_20170131_02/base_thr125/checkpoint_bmi_iaf_hard_epoch50.pth
indy_20160622_01,base_thr125,32.68852233886719,best_loss,/users/bfalkenb/scratch/bfalkenb/data/snn_checkpoints/bmi/indy/no_tau_syn_sweep/indy_20160622_01/base_thr125/checkpoint_bmi_iaf_hard_epoch30.pth
indy_20160418_01,wide_3x,32.69491958618164,best_loss,/users/bfalkenb/scratch/bfalkenb/data/snn_checkpoints/bmi/indy/no_tau_syn_sweep/indy_20160418_01/wide_3x/best_model_weights.pth
indy_20160418_01,wide_2x,32.79298782348633,best_loss,/users/bfalkenb/scratch/bfalkenb/data/snn_checkpoints/bmi/indy/no_tau_syn_sweep/indy_20160418_01/wide_2x/final_model_bmi_iaf_hard.pth
indy_20170131_02,base_decay3,32.830257415771484,best_loss,/users/bfalkenb/scratch/bfalkenb/data/snn_checkpoints/bmi/indy/no_tau_syn_sweep/indy_20170131_02/base_decay3/final_model_bmi_iaf_hard.pth
indy_20160418_01,base_thr150,32.841331481933594,best_loss,/users/bfalkenb/scratch/bfalkenb/data/snn_checkpoints/bmi/indy/no_tau_syn_sweep/indy_20160418_01/base_thr150/final_model_bmi_iaf_hard.pth
indy_20160418_01,base_decay4,32.86856460571289,best_loss,/users/bfalkenb/scratch/bfalkenb/data/snn_checkpoints/bmi/indy/no_tau_syn_sweep/indy_20160418_01/base_decay4/best_model_weights.pth
indy_20170131_02,small_thr125,32.928367614746094,best_loss,/users/bfalkenb/scratch/bfalkenb/data/snn_checkpoints/bmi/indy/no_tau_syn_sweep/indy_20170131_02/small_thr125/best_model_weights.pth
indy_20160418_01,base,32.96937942504883,best_loss,/users/bfalkenb/scratch/bfalkenb/data/snn_checkpoints/bmi/indy/no_tau_syn_sweep/indy_20160418_01/base/checkpoint_bmi_iaf_hard_epoch30.pth
indy_20160418_01,medium_3x,32.96937942504883,best_loss,/users/bfalkenb/scratch/bfalkenb/data/snn_checkpoints/bmi/indy/no_tau_syn_sweep/indy_20160418_01/medium_3x/checkpoint_bmi_iaf_hard_epoch30.pth
indy_20160418_01,base_thr075,33.084049224853516,best_loss,/users/bfalkenb/scratch/bfalkenb/data/snn_checkpoints/bmi/indy/no_tau_syn_sweep/indy_20160418_01/base_thr075/checkpoint_bmi_iaf_hard_epoch50.pth
indy_20170131_02,medium_2x,33.12342834472656,best_loss,/users/bfalkenb/scratch/bfalkenb/data/snn_checkpoints/bmi/indy/no_tau_syn_sweep/indy_20170131_02/medium_2x/final_model_bmi_iaf_hard.pth
indy_20160411_02,deep_thr125,33.18197250366211,best_loss,/users/bfalkenb/scratch/bfalkenb/data/snn_checkpoints/bmi/indy/no_tau_syn_sweep/indy_20160411_02/deep_thr125/checkpoint_bmi_iaf_hard_epoch50.pth
indy_20160622_01,base_thr150,33.183837890625,best_loss,/users/bfalkenb/scratch/bfalkenb/data/snn_checkpoints/bmi/indy/no_tau_syn_sweep/indy_20160622_01/base_thr150/best_model_weights.pth
indy_20160622_01,deep_thr125,33.20833969116211,best_loss,/users/bfalkenb/scratch/bfalkenb/data/snn_checkpoints/bmi/indy/no_tau_syn_sweep/indy_20160622_01/deep_thr125/checkpoint_bmi_iaf_hard_epoch50.pth
indy_20160622_01,base_thr200,33.29347229003906,best_loss,/users/bfalkenb/scratch/bfalkenb/data/snn_checkpoints/bmi/indy/no_tau_syn_sweep/indy_20160622_01/base_thr200/checkpoint_bmi_iaf_hard_epoch50.pth
indy_20170131_02,base_thr200,33.34587097167969,best_loss,/users/bfalkenb/scratch/bfalkenb/data/snn_checkpoints/bmi/indy/no_tau_syn_sweep/indy_20170131_02/base_thr200/final_model_bmi_iaf_hard.pth
indy_20160418_01,small_1x,33.46958923339844,best_loss,/users/bfalkenb/scratch/bfalkenb/data/snn_checkpoints/bmi/indy/no_tau_syn_sweep/indy_20160418_01/small_1x/final_model_bmi_iaf_hard.pth
indy_20160418_01,deep_thr125,33.510955810546875,best_loss,/users/bfalkenb/scratch/bfalkenb/data/snn_checkpoints/bmi/indy/no_tau_syn_sweep/indy_20160418_01/deep_thr125/best_model_weights.pth
indy_20160622_01,medium_3x,33.51255416870117,best_loss,/users/bfalkenb/scratch/bfalkenb/data/snn_checkpoints/bmi/indy/no_tau_syn_sweep/indy_20160622_01/medium_3x/best_model_weights.pth
indy_20160622_01,base,33.51255416870117,best_loss,/users/bfalkenb/scratch/bfalkenb/data/snn_checkpoints/bmi/indy/no_tau_syn_sweep/indy_20160622_01/base/final_model_bmi_iaf_hard.pth
indy_20160419_01,base_thr125,33.55900955200195,best_loss,/users/bfalkenb/scratch/bfalkenb/data/snn_checkpoints/bmi/indy/no_tau_syn_sweep/indy_20160419_01/base_thr125/checkpoint_bmi_iaf_hard_epoch50.pth
indy_20160419_01,base_decay3,33.567726135253906,best_loss,/users/bfalkenb/scratch/bfalkenb/data/snn_checkpoints/bmi/indy/no_tau_syn_sweep/indy_20160419_01/base_decay3/checkpoint_bmi_iaf_hard_epoch50.pth
indy_20160411_02,wide_3x,33.627113342285156,best_loss,/users/bfalkenb/scratch/bfalkenb/data/snn_checkpoints/bmi/indy/no_tau_syn_sweep/indy_20160411_02/wide_3x/best_model_weights.pth
indy_20160418_01,small_thr125,33.64887619018555,best_loss,/users/bfalkenb/scratch/bfalkenb/data/snn_checkpoints/bmi/indy/no_tau_syn_sweep/indy_20160418_01/small_thr125/final_model_bmi_iaf_hard.pth
indy_20170124_01,base_decay1,33.75850296020508,best_loss,/users/bfalkenb/scratch/bfalkenb/data/snn_checkpoints/bmi/indy/no_tau_syn_sweep/indy_20170124_01/base_decay1/final_model_bmi_iaf_hard.pth
indy_20160411_02,base_decay4,33.79829788208008,best_loss,/users/bfalkenb/scratch/bfalkenb/data/snn_checkpoints/bmi/indy/no_tau_syn_sweep/indy_20160411_02/base_decay4/final_model_bmi_iaf_hard.pth
indy_20160418_01,medium_decay1,33.807228088378906,best_loss,/users/bfalkenb/scratch/bfalkenb/data/snn_checkpoints/bmi/indy/no_tau_syn_sweep/indy_20160418_01/medium_decay1/best_model_weights.pth
indy_20170131_02,small_2x,33.825416564941406,best_loss,/users/bfalkenb/scratch/bfalkenb/data/snn_checkpoints/bmi/indy/no_tau_syn_sweep/indy_20170131_02/small_2x/checkpoint_bmi_iaf_hard_epoch50.pth
indy_20160411_02,base_thr125,33.913448333740234,best_loss,/users/bfalkenb/scratch/bfalkenb/data/snn_checkpoints/bmi/indy/no_tau_syn_sweep/indy_20160411_02/base_thr125/best_model_weights.pth
indy_20160418_01,base_thr200,33.92637252807617,best_loss,/users/bfalkenb/scratch/bfalkenb/data/snn_checkpoints/bmi/indy/no_tau_syn_sweep/indy_20160418_01/base_thr200/final_model_bmi_iaf_hard.pth
indy_20160418_01,base_decay3,33.96414566040039,best_loss,/users/bfalkenb/scratch/bfalkenb/data/snn_checkpoints/bmi/indy/no_tau_syn_sweep/indy_20160418_01/base_decay3/checkpoint_bmi_iaf_hard_epoch30.pth
indy_20160411_02,deep_4x,33.99098205566406,best_loss,/users/bfalkenb/scratch/bfalkenb/data/snn_checkpoints/bmi/indy/no_tau_syn_sweep/indy_20160411_02/deep_4x/checkpoint_bmi_iaf_hard_epoch50.pth
indy_20160622_01,medium_2x,34.044673919677734,best_loss,/users/bfalkenb/scratch/bfalkenb/data/snn_checkpoints/bmi/indy/no_tau_syn_sweep/indy_20160622_01/medium_2x/checkpoint_bmi_iaf_hard_epoch40.pth
indy_20160622_01,wide_3x,34.04956817626953,best_loss,/users/bfalkenb/scratch/bfalkenb/data/snn_checkpoints/bmi/indy/no_tau_syn_sweep/indy_20160622_01/wide_3x/best_model_weights.pth
indy_20170124_01,base_thr200,34.13319396972656,best_loss,/users/bfalkenb/scratch/bfalkenb/data/snn_checkpoints/bmi/indy/no_tau_syn_sweep/indy_20170124_01/base_thr200/checkpoint_bmi_iaf_hard_epoch50.pth
indy_20160622_01,base_thr075,34.14096450805664,best_loss,/users/bfalkenb/scratch/bfalkenb/data/snn_checkpoints/bmi/indy/no_tau_syn_sweep/indy_20160622_01/base_thr075/checkpoint_bmi_iaf_hard_epoch50.pth
indy_20160419_01,base,34.15547180175781,best_loss,/users/bfalkenb/scratch/bfalkenb/data/snn_checkpoints/bmi/indy/no_tau_syn_sweep/indy_20160419_01/base/best_model_weights.pth
indy_20160419_01,medium_3x,34.15547180175781,best_loss,/users/bfalkenb/scratch/bfalkenb/data/snn_checkpoints/bmi/indy/no_tau_syn_sweep/indy_20160419_01/medium_3x/best_model_weights.pth
indy_20170124_01,deep_decay1,34.18369674682617,best_loss,/users/bfalkenb/scratch/bfalkenb/data/snn_checkpoints/bmi/indy/no_tau_syn_sweep/indy_20170124_01/deep_decay1/final_model_bmi_iaf_hard.pth
indy_20160622_01,wide_2x,34.207275390625,best_loss,/users/bfalkenb/scratch/bfalkenb/data/snn_checkpoints/bmi/indy/no_tau_syn_sweep/indy_20160622_01/wide_2x/final_model_bmi_iaf_hard.pth
indy_20160622_01,small_2x,34.24462890625,best_loss,/users/bfalkenb/scratch/bfalkenb/data/snn_checkpoints/bmi/indy/no_tau_syn_sweep/indy_20160622_01/small_2x/best_model_weights.pth
indy_20170124_01,deep_thr125,34.33393859863281,best_loss,/users/bfalkenb/scratch/bfalkenb/data/snn_checkpoints/bmi/indy/no_tau_syn_sweep/indy_20170124_01/deep_thr125/best_model_weights.pth
indy_20170124_01,small_thr125,34.34664535522461,best_loss,/users/bfalkenb/scratch/bfalkenb/data/snn_checkpoints/bmi/indy/no_tau_syn_sweep/indy_20170124_01/small_thr125/checkpoint_bmi_iaf_hard_epoch50.pth
indy_20170124_01,small_1x,34.40988540649414,best_loss,/users/bfalkenb/scratch/bfalkenb/data/snn_checkpoints/bmi/indy/no_tau_syn_sweep/indy_20170124_01/small_1x/final_model_bmi_iaf_hard.pth
indy_20160411_02,base_thr150,34.41727828979492,best_loss,/users/bfalkenb/scratch/bfalkenb/data/snn_checkpoints/bmi/indy/no_tau_syn_sweep/indy_20160411_02/base_thr150/checkpoint_bmi_iaf_hard_epoch50.pth
indy_20170131_02,deep_decay1,34.4310417175293,best_loss,/users/bfalkenb/scratch/bfalkenb/data/snn_checkpoints/bmi/indy/no_tau_syn_sweep/indy_20170131_02/deep_decay1/checkpoint_bmi_iaf_hard_epoch50.pth
indy_20160411_02,medium_thr125,34.44036102294922,best_loss,/users/bfalkenb/scratch/bfalkenb/data/snn_checkpoints/bmi/indy/no_tau_syn_sweep/indy_20160411_02/medium_thr125/final_model_bmi_iaf_hard.pth
indy_20160622_01,base_decay4,34.473541259765625,best_loss,/users/bfalkenb/scratch/bfalkenb/data/snn_checkpoints/bmi/indy/no_tau_syn_sweep/indy_20160622_01/base_decay4/checkpoint_bmi_iaf_hard_epoch20.pth
indy_20160622_01,small_thr125,34.521427154541016,best_loss,/users/bfalkenb/scratch/bfalkenb/data/snn_checkpoints/bmi/indy/no_tau_syn_sweep/indy_20160622_01/small_thr125/checkpoint_bmi_iaf_hard_epoch40.pth
indy_20160622_01,small_1x,34.52581024169922,best_loss,/users/bfalkenb/scratch/bfalkenb/data/snn_checkpoints/bmi/indy/no_tau_syn_sweep/indy_20160622_01/small_1x/checkpoint_bmi_iaf_hard_epoch50.pth
indy_20160419_01,deep_4x,34.5839729309082,best_loss,/users/bfalkenb/scratch/bfalkenb/data/snn_checkpoints/bmi/indy/no_tau_syn_sweep/indy_20160419_01/deep_4x/final_model_bmi_iaf_hard.pth
indy_20160419_01,base_thr150,34.66942596435547,best_loss,/users/bfalkenb/scratch/bfalkenb/data/snn_checkpoints/bmi/indy/no_tau_syn_sweep/indy_20160419_01/base_thr150/best_model_weights.pth
indy_20160622_01,base_decay3,34.703670501708984,best_loss,/users/bfalkenb/scratch/bfalkenb/data/snn_checkpoints/bmi/indy/no_tau_syn_sweep/indy_20160622_01/base_decay3/final_model_bmi_iaf_hard.pth
indy_20160411_02,medium_2x,34.72553253173828,best_loss,/users/bfalkenb/scratch/bfalkenb/data/snn_checkpoints/bmi/indy/no_tau_syn_sweep/indy_20160411_02/medium_2x/checkpoint_bmi_iaf_hard_epoch50.pth
indy_20160622_01,base_decay1,34.810665130615234,best_loss,/users/bfalkenb/scratch/bfalkenb/data/snn_checkpoints/bmi/indy/no_tau_syn_sweep/indy_20160622_01/base_decay1/final_model_bmi_iaf_hard.pth
indy_20170131_02,small_1x,34.89521408081055,best_loss,/users/bfalkenb/scratch/bfalkenb/data/snn_checkpoints/bmi/indy/no_tau_syn_sweep/indy_20170131_02/small_1x/best_model_weights.pth
indy_20160622_01,medium_thr125,35.01580810546875,best_loss,/users/bfalkenb/scratch/bfalkenb/data/snn_checkpoints/bmi/indy/no_tau_syn_sweep/indy_20160622_01/medium_thr125/final_model_bmi_iaf_hard.pth
indy_20160622_01,deep_4x,35.040550231933594,best_loss,/users/bfalkenb/scratch/bfalkenb/data/snn_checkpoints/bmi/indy/no_tau_syn_sweep/indy_20160622_01/deep_4x/checkpoint_bmi_iaf_hard_epoch40.pth
indy_20170131_02,medium_decay1,35.13618850708008,best_loss,/users/bfalkenb/scratch/bfalkenb/data/snn_checkpoints/bmi/indy/no_tau_syn_sweep/indy_20170131_02/medium_decay1/best_model_weights.pth
indy_20160419_01,wide_2x,35.1676139831543,best_loss,/users/bfalkenb/scratch/bfalkenb/data/snn_checkpoints/bmi/indy/no_tau_syn_sweep/indy_20160419_01/wide_2x/final_model_bmi_iaf_hard.pth
indy_20160411_02,base_decay3,35.220584869384766,best_loss,/users/bfalkenb/scratch/bfalkenb/data/snn_checkpoints/bmi/indy/no_tau_syn_sweep/indy_20160411_02/base_decay3/final_model_bmi_iaf_hard.pth
indy_20160627_01,wide_3x,35.26922607421875,best_loss,/users/bfalkenb/scratch/bfalkenb/data/snn_checkpoints/bmi/indy/no_tau_syn_sweep/indy_20160627_01/wide_3x/checkpoint_bmi_iaf_hard_epoch20.pth
indy_20160627_01,medium_thr125,35.3080940246582,best_loss,/users/bfalkenb/scratch/bfalkenb/data/snn_checkpoints/bmi/indy/no_tau_syn_sweep/indy_20160627_01/medium_thr125/final_model_bmi_iaf_hard.pth
indy_20160627_01,medium_2x,35.32174301147461,best_loss,/users/bfalkenb/scratch/bfalkenb/data/snn_checkpoints/bmi/indy/no_tau_syn_sweep/indy_20160627_01/medium_2x/best_model_weights.pth
indy_20160624_03,base_decay4,35.32768630981445,best_loss,/users/bfalkenb/scratch/bfalkenb/data/snn_checkpoints/bmi/indy/no_tau_syn_sweep/indy_20160624_03/base_decay4/final_model_bmi_iaf_hard.pth
indy_20160419_01,small_2x,35.38611602783203,best_loss,/users/bfalkenb/scratch/bfalkenb/data/snn_checkpoints/bmi/indy/no_tau_syn_sweep/indy_20160419_01/small_2x/best_model_weights.pth
indy_20160624_03,base_decay3,35.47233581542969,best_loss,/users/bfalkenb/scratch/bfalkenb/data/snn_checkpoints/bmi/indy/no_tau_syn_sweep/indy_20160624_03/base_decay3/checkpoint_bmi_iaf_hard_epoch50.pth
indy_20170131_02,deep_4x,35.49112319946289,best_loss,/users/bfalkenb/scratch/bfalkenb/data/snn_checkpoints/bmi/indy/no_tau_syn_sweep/indy_20170131_02/deep_4x/checkpoint_bmi_iaf_hard_epoch30.pth
indy_20160418_01,base_decay1,35.519439697265625,best_loss,/users/bfalkenb/scratch/bfalkenb/data/snn_checkpoints/bmi/indy/no_tau_syn_sweep/indy_20160418_01/base_decay1/final_model_bmi_iaf_hard.pth
indy_20170124_01,medium_decay1,35.53813171386719,best_loss,/users/bfalkenb/scratch/bfalkenb/data/snn_checkpoints/bmi/indy/no_tau_syn_sweep/indy_20170124_01/medium_decay1/final_model_bmi_iaf_hard.pth
indy_20160627_01,wide_2x,35.5677490234375,best_loss,/users/bfalkenb/scratch/bfalkenb/data/snn_checkpoints/bmi/indy/no_tau_syn_sweep/indy_20160627_01/wide_2x/best_model_weights.pth
indy_20161011_03,wide_3x,35.593833923339844,best_loss,/users/bfalkenb/scratch/bfalkenb/data/snn_checkpoints/bmi/indy/no_tau_syn_sweep/indy_20161011_03/wide_3x/checkpoint_bmi_iaf_hard_epoch50.pth
indy_20160411_01,wide_3x,35.638484954833984,best_loss,/users/bfalkenb/scratch/bfalkenb/data/snn_checkpoints/bmi/indy/no_tau_syn_sweep/indy_20160411_01/wide_3x/checkpoint_bmi_iaf_hard_epoch50.pth
indy_20160622_01,deep_decay1,35.80152130126953,best_loss,/users/bfalkenb/scratch/bfalkenb/data/snn_checkpoints/bmi/indy/no_tau_syn_sweep/indy_20160622_01/deep_decay1/best_model_weights.pth
indy_20160411_01,base_thr125,35.82469177246094,best_loss,/users/bfalkenb/scratch/bfalkenb/data/snn_checkpoints/bmi/indy/no_tau_syn_sweep/indy_20160411_01/base_thr125/best_model_weights.pth
indy_20160627_01,medium_3x,35.82680130004883,best_loss,/users/bfalkenb/scratch/bfalkenb/data/snn_checkpoints/bmi/indy/no_tau_syn_sweep/indy_20160627_01/medium_3x/checkpoint_bmi_iaf_hard_epoch40.pth
indy_20160627_01,base,35.82680130004883,best_loss,/users/bfalkenb/scratch/bfalkenb/data/snn_checkpoints/bmi/indy/no_tau_syn_sweep/indy_20160627_01/base/final_model_bmi_iaf_hard.pth
indy_20160411_02,wide_2x,35.96086883544922,best_loss,/users/bfalkenb/scratch/bfalkenb/data/snn_checkpoints/bmi/indy/no_tau_syn_sweep/indy_20160411_02/wide_2x/final_model_bmi_iaf_hard.pth
indy_20160418_01,deep_decay1,35.97087097167969,best_loss,/users/bfalkenb/scratch/bfalkenb/data/snn_checkpoints/bmi/indy/no_tau_syn_sweep/indy_20160418_01/deep_decay1/checkpoint_bmi_iaf_hard_epoch30.pth
indy_20160411_02,small_thr125,35.99407958984375,best_loss,/users/bfalkenb/scratch/bfalkenb/data/snn_checkpoints/bmi/indy/no_tau_syn_sweep/indy_20160411_02/small_thr125/checkpoint_bmi_iaf_hard_epoch50.pth
indy_20160622_01,medium_decay1,36.007911682128906,best_loss,/users/bfalkenb/scratch/bfalkenb/data/snn_checkpoints/bmi/indy/no_tau_syn_sweep/indy_20160622_01/medium_decay1/checkpoint_bmi_iaf_hard_epoch50.pth
indy_20160411_02,base_thr200,36.12763977050781,best_loss,/users/bfalkenb/scratch/bfalkenb/data/snn_checkpoints/bmi/indy/no_tau_syn_sweep/indy_20160411_02/base_thr200/final_model_bmi_iaf_hard.pth
indy_20160622_01,small_decay1,36.136680603027344,best_loss,/users/bfalkenb/scratch/bfalkenb/data/snn_checkpoints/bmi/indy/no_tau_syn_sweep/indy_20160622_01/small_decay1/best_model_weights.pth
indy_20160411_01,wide_2x,36.19524002075195,best_loss,/users/bfalkenb/scratch/bfalkenb/data/snn_checkpoints/bmi/indy/no_tau_syn_sweep/indy_20160411_01/wide_2x/best_model_weights.pth
indy_20160419_01,deep_decay1,36.2059440612793,best_loss,/users/bfalkenb/scratch/bfalkenb/data/snn_checkpoints/bmi/indy/no_tau_syn_sweep/indy_20160419_01/deep_decay1/checkpoint_bmi_iaf_hard_epoch50.pth
indy_20160624_03,deep_thr125,36.237361907958984,best_loss,/users/bfalkenb/scratch/bfalkenb/data/snn_checkpoints/bmi/indy/no_tau_syn_sweep/indy_20160624_03/deep_thr125/checkpoint_bmi_iaf_hard_epoch50.pth
indy_20160624_03,medium_thr125,36.309452056884766,best_loss,/users/bfalkenb/scratch/bfalkenb/data/snn_checkpoints/bmi/indy/no_tau_syn_sweep/indy_20160624_03/medium_thr125/best_model_weights.pth
indy_20160624_03,wide_3x,36.316776275634766,best_loss,/users/bfalkenb/scratch/bfalkenb/data/snn_checkpoints/bmi/indy/no_tau_syn_sweep/indy_20160624_03/wide_3x/final_model_bmi_iaf_hard.pth
indy_20160627_01,deep_4x,36.37663269042969,best_loss,/users/bfalkenb/scratch/bfalkenb/data/snn_checkpoints/bmi/indy/no_tau_syn_sweep/indy_20160627_01/deep_4x/final_model_bmi_iaf_hard.pth
indy_20160624_03,medium_2x,36.44481658935547,best_loss,/users/bfalkenb/scratch/bfalkenb/data/snn_checkpoints/bmi/indy/no_tau_syn_sweep/indy_20160624_03/medium_2x/best_model_weights.pth
indy_20170131_02,deep_thr125,36.47599411010742,best_loss,/users/bfalkenb/scratch/bfalkenb/data/snn_checkpoints/bmi/indy/no_tau_syn_sweep/indy_20170131_02/deep_thr125/final_model_bmi_iaf_hard.pth
indy_20160411_02,small_2x,36.48391342163086,best_loss,/users/bfalkenb/scratch/bfalkenb/data/snn_checkpoints/bmi/indy/no_tau_syn_sweep/indy_20160411_02/small_2x/checkpoint_bmi_iaf_hard_epoch50.pth
indy_20160627_01,base_thr125,36.48446273803711,best_loss,/users/bfalkenb/scratch/bfalkenb/data/snn_checkpoints/bmi/indy/no_tau_syn_sweep/indy_20160627_01/base_thr125/checkpoint_bmi_iaf_hard_epoch30.pth
indy_20160624_03,base_thr150,36.53958511352539,best_loss,/users/bfalkenb/scratch/bfalkenb/data/snn_checkpoints/bmi/indy/no_tau_syn_sweep/indy_20160624_03/base_thr150/best_model_weights.pth
indy_20160627_01,base_decay3,36.60032653808594,best_loss,/users/bfalkenb/scratch/bfalkenb/data/snn_checkpoints/bmi/indy/no_tau_syn_sweep/indy_20160627_01/base_decay3/final_model_bmi_iaf_hard.pth
indy_20160627_01,medium_decay1,36.648738861083984,best_loss,/users/bfalkenb/scratch/bfalkenb/data/snn_checkpoints/bmi/indy/no_tau_syn_sweep/indy_20160627_01/medium_decay1/checkpoint_bmi_iaf_hard_epoch50.pth
indy_20160627_01,small_2x,36.688316345214844,best_loss,/users/bfalkenb/scratch/bfalkenb/data/snn_checkpoints/bmi/indy/no_tau_syn_sweep/indy_20160627_01/small_2x/checkpoint_bmi_iaf_hard_epoch40.pth
indy_20160627_01,small_thr125,36.723445892333984,best_loss,/users/bfalkenb/scratch/bfalkenb/data/snn_checkpoints/bmi/indy/no_tau_syn_sweep/indy_20160627_01/small_thr125/best_model_weights.pth
indy_20160411_01,deep_thr125,36.76226043701172,best_loss,/users/bfalkenb/scratch/bfalkenb/data/snn_checkpoints/bmi/indy/no_tau_syn_sweep/indy_20160411_01/deep_thr125/best_model_weights.pth
indy_20160411_01,base_thr150,36.802268981933594,best_loss,/users/bfalkenb/scratch/bfalkenb/data/snn_checkpoints/bmi/indy/no_tau_syn_sweep/indy_20160411_01/base_thr150/checkpoint_bmi_iaf_hard_epoch50.pth
indy_20160411_02,small_1x,36.8275260925293,best_loss,/users/bfalkenb/scratch/bfalkenb/data/snn_checkpoints/bmi/indy/no_tau_syn_sweep/indy_20160411_02/small_1x/best_model_weights.pth
indy_20160418_01,small_decay1,36.83046340942383,best_loss,/users/bfalkenb/scratch/bfalkenb/data/snn_checkpoints/bmi/indy/no_tau_syn_sweep/indy_20160418_01/small_decay1/best_model_weights.pth
indy_20170131_02,base_decay1,36.835880279541016,best_loss,/users/bfalkenb/scratch/bfalkenb/data/snn_checkpoints/bmi/indy/no_tau_syn_sweep/indy_20170131_02/base_decay1/final_model_bmi_iaf_hard.pth
indy_20160624_03,small_2x,36.8365364074707,best_loss,/users/bfalkenb/scratch/bfalkenb/data/snn_checkpoints/bmi/indy/no_tau_syn_sweep/indy_20160624_03/small_2x/best_model_weights.pth
indy_20160411_01,medium_3x,36.88395309448242,best_loss,/users/bfalkenb/scratch/bfalkenb/data/snn_checkpoints/bmi/indy/no_tau_syn_sweep/indy_20160411_01/medium_3x/final_model_bmi_iaf_hard.pth
indy_20160411_01,base,36.88395309448242,best_loss,/users/bfalkenb/scratch/bfalkenb/data/snn_checkpoints/bmi/indy/no_tau_syn_sweep/indy_20160411_01/base/checkpoint_bmi_iaf_hard_epoch50.pth
indy_20160624_03,base,36.89076232910156,best_loss,/users/bfalkenb/scratch/bfalkenb/data/snn_checkpoints/bmi/indy/no_tau_syn_sweep/indy_20160624_03/base/checkpoint_bmi_iaf_hard_epoch50.pth
indy_20160624_03,medium_3x,36.89076232910156,best_loss,/users/bfalkenb/scratch/bfalkenb/data/snn_checkpoints/bmi/indy/no_tau_syn_sweep/indy_20160624_03/medium_3x/checkpoint_bmi_iaf_hard_epoch50.pth
indy_20160411_02,base_thr075,36.89228439331055,best_loss,/users/bfalkenb/scratch/bfalkenb/data/snn_checkpoints/bmi/indy/no_tau_syn_sweep/indy_20160411_02/base_thr075/checkpoint_bmi_iaf_hard_epoch40.pth
indy_20160411_01,base_decay3,36.9302978515625,best_loss,/users/bfalkenb/scratch/bfalkenb/data/snn_checkpoints/bmi/indy/no_tau_syn_sweep/indy_20160411_01/base_decay3/checkpoint_bmi_iaf_hard_epoch50.pth
indy_20160627_01,base_decay4,36.98063659667969,best_loss,/users/bfalkenb/scratch/bfalkenb/data/snn_checkpoints/bmi/indy/no_tau_syn_sweep/indy_20160627_01/base_decay4/checkpoint_bmi_iaf_hard_epoch40.pth
indy_20160627_01,small_1x,36.988365173339844,best_loss,/users/bfalkenb/scratch/bfalkenb/data/snn_checkpoints/bmi/indy/no_tau_syn_sweep/indy_20160627_01/small_1x/checkpoint_bmi_iaf_hard_epoch50.pth
indy_20160419_01,base_decay1,37.060848236083984,best_loss,/users/bfalkenb/scratch/bfalkenb/data/snn_checkpoints/bmi/indy/no_tau_syn_sweep/indy_20160419_01/base_decay1/best_model_weights.pth
indy_20160419_01,base_thr075,37.083282470703125,best_loss,/users/bfalkenb/scratch/bfalkenb/data/snn_checkpoints/bmi/indy/no_tau_syn_sweep/indy_20160419_01/base_thr075/best_model_weights.pth
indy_20160627_01,base_thr075,37.0853157043457,best_loss,/users/bfalkenb/scratch/bfalkenb/data/snn_checkpoints/bmi/indy/no_tau_syn_sweep/indy_20160627_01/base_thr075/checkpoint_bmi_iaf_hard_epoch40.pth
indy_20160411_02,base,37.096351623535156,best_loss,/users/bfalkenb/scratch/bfalkenb/data/snn_checkpoints/bmi/indy/no_tau_syn_sweep/indy_20160411_02/base/checkpoint_bmi_iaf_hard_epoch50.pth
indy_20160411_02,medium_3x,37.096351623535156,best_loss,/users/bfalkenb/scratch/bfalkenb/data/snn_checkpoints/bmi/indy/no_tau_syn_sweep/indy_20160411_02/medium_3x/best_model_weights.pth
indy_20160411_01,base_decay4,37.11165237426758,best_loss,/users/bfalkenb/scratch/bfalkenb/data/snn_checkpoints/bmi/indy/no_tau_syn_sweep/indy_20160411_01/base_decay4/best_model_weights.pth
indy_20161011_03,wide_2x,37.1455078125,best_loss,/users/bfalkenb/scratch/bfalkenb/data/snn_checkpoints/bmi/indy/no_tau_syn_sweep/indy_20161011_03/wide_2x/best_model_weights.pth
indy_20160624_03,wide_2x,37.2213020324707,best_loss,/users/bfalkenb/scratch/bfalkenb/data/snn_checkpoints/bmi/indy/no_tau_syn_sweep/indy_20160624_03/wide_2x/checkpoint_bmi_iaf_hard_epoch40.pth
indy_20160419_01,medium_thr125,37.229373931884766,best_loss,/users/bfalkenb/scratch/bfalkenb/data/snn_checkpoints/bmi/indy/no_tau_syn_sweep/indy_20160419_01/medium_thr125/final_model_bmi_iaf_hard.pth
indy_20160624_03,base_thr125,37.3209114074707,best_loss,/users/bfalkenb/scratch/bfalkenb/data/snn_checkpoints/bmi/indy/no_tau_syn_sweep/indy_20160624_03/base_thr125/final_model_bmi_iaf_hard.pth
indy_20161011_03,small_2x,37.32512664794922,best_loss,/users/bfalkenb/scratch/bfalkenb/data/snn_checkpoints/bmi/indy/no_tau_syn_sweep/indy_20161011_03/small_2x/final_model_bmi_iaf_hard.pth
indy_20160411_01,medium_thr125,37.37293243408203,best_loss,/users/bfalkenb/scratch/bfalkenb/data/snn_checkpoints/bmi/indy/no_tau_syn_sweep/indy_20160411_01/medium_thr125/best_model_weights.pth
indy_20160627_01,deep_thr125,37.38484573364258,best_loss,/users/bfalkenb/scratch/bfalkenb/data/snn_checkpoints/bmi/indy/no_tau_syn_sweep/indy_20160627_01/deep_thr125/best_model_weights.pth
indy_20161011_03,medium_2x,37.543312072753906,best_loss,/users/bfalkenb/scratch/bfalkenb/data/snn_checkpoints/bmi/indy/no_tau_syn_sweep/indy_20161011_03/medium_2x/final_model_bmi_iaf_hard.pth
indy_20160624_03,deep_decay1,37.581661224365234,best_loss,/users/bfalkenb/scratch/bfalkenb/data/snn_checkpoints/bmi/indy/no_tau_syn_sweep/indy_20160624_03/deep_decay1/best_model_weights.pth
indy_20160627_01,base_thr150,37.662208557128906,best_loss,/users/bfalkenb/scratch/bfalkenb/data/snn_checkpoints/bmi/indy/no_tau_syn_sweep/indy_20160627_01/base_thr150/best_model_weights.pth
indy_20160627_01,base_decay1,37.72021484375,best_loss,/users/bfalkenb/scratch/bfalkenb/data/snn_checkpoints/bmi/indy/no_tau_syn_sweep/indy_20160627_01/base_decay1/checkpoint_bmi_iaf_hard_epoch40.pth
indy_20160627_01,deep_decay1,37.721397399902344,best_loss,/users/bfalkenb/scratch/bfalkenb/data/snn_checkpoints/bmi/indy/no_tau_syn_sweep/indy_20160627_01/deep_decay1/best_model_weights.pth
indy_20160419_01,medium_2x,37.727420806884766,best_loss,/users/bfalkenb/scratch/bfalkenb/data/snn_checkpoints/bmi/indy/no_tau_syn_sweep/indy_20160419_01/medium_2x/checkpoint_bmi_iaf_hard_epoch40.pth
indy_20160411_01,medium_2x,37.78592300415039,best_loss,/users/bfalkenb/scratch/bfalkenb/data/snn_checkpoints/bmi/indy/no_tau_syn_sweep/indy_20160411_01/medium_2x/final_model_bmi_iaf_hard.pth
indy_20160930_05,wide_3x,37.837615966796875,best_loss,/users/bfalkenb/scratch/bfalkenb/data/snn_checkpoints/bmi/indy/no_tau_syn_sweep/indy_20160930_05/wide_3x/best_model_weights.pth
indy_20161013_03,wide_3x,37.90822219848633,best_loss,/users/bfalkenb/scratch/bfalkenb/data/snn_checkpoints/bmi/indy/no_tau_syn_sweep/indy_20161013_03/wide_3x/checkpoint_bmi_iaf_hard_epoch50.pth
indy_20160930_05,wide_2x,37.95207214355469,best_loss,/users/bfalkenb/scratch/bfalkenb/data/snn_checkpoints/bmi/indy/no_tau_syn_sweep/indy_20160930_05/wide_2x/best_model_weights.pth
indy_20160627_01,base_thr200,37.953514099121094,best_loss,/users/bfalkenb/scratch/bfalkenb/data/snn_checkpoints/bmi/indy/no_tau_syn_sweep/indy_20160627_01/base_thr200/checkpoint_bmi_iaf_hard_epoch30.pth
indy_20160411_01,base_thr200,38.05382537841797,best_loss,/users/bfalkenb/scratch/bfalkenb/data/snn_checkpoints/bmi/indy/no_tau_syn_sweep/indy_20160411_01/base_thr200/checkpoint_bmi_iaf_hard_epoch50.pth
indy_20160411_02,base_decay1,38.08942794799805,best_loss,/users/bfalkenb/scratch/bfalkenb/data/snn_checkpoints/bmi/indy/no_tau_syn_sweep/indy_20160411_02/base_decay1/final_model_bmi_iaf_hard.pth
indy_20160624_03,deep_4x,38.15083312988281,best_loss,/users/bfalkenb/scratch/bfalkenb/data/snn_checkpoints/bmi/indy/no_tau_syn_sweep/indy_20160624_03/deep_4x/final_model_bmi_iaf_hard.pth
indy_20160411_01,deep_4x,38.220664978027344,best_loss,/users/bfalkenb/scratch/bfalkenb/data/snn_checkpoints/bmi/indy/no_tau_syn_sweep/indy_20160411_01/deep_4x/checkpoint_bmi_iaf_hard_epoch30.pth
indy_20161011_03,medium_thr125,38.297603607177734,best_loss,/users/bfalkenb/scratch/bfalkenb/data/snn_checkpoints/bmi/indy/no_tau_syn_sweep/indy_20161011_03/medium_thr125/final_model_bmi_iaf_hard.pth
indy_20160624_03,base_thr075,38.37824630737305,best_loss,/users/bfalkenb/scratch/bfalkenb/data/snn_checkpoints/bmi/indy/no_tau_syn_sweep/indy_20160624_03/base_thr075/best_model_weights.pth
indy_20161011_03,deep_4x,38.44785690307617,best_loss,/users/bfalkenb/scratch/bfalkenb/data/snn_checkpoints/bmi/indy/no_tau_syn_sweep/indy_20161011_03/deep_4x/best_model_weights.pth
indy_20160627_01,small_decay1,38.46462631225586,best_loss,/users/bfalkenb/scratch/bfalkenb/data/snn_checkpoints/bmi/indy/no_tau_syn_sweep/indy_20160627_01/small_decay1/checkpoint_bmi_iaf_hard_epoch50.pth
indy_20160624_03,base_decay1,38.50648498535156,best_loss,/users/bfalkenb/scratch/bfalkenb/data/snn_checkpoints/bmi/indy/no_tau_syn_sweep/indy_20160624_03/base_decay1/best_model_weights.pth
indy_20161027_03,wide_3x,38.527626037597656,best_loss,/users/bfalkenb/scratch/bfalkenb/data/snn_checkpoints/bmi/indy/no_tau_syn_sweep/indy_20161027_03/wide_3x/final_model_bmi_iaf_hard.pth
indy_20160930_05,base_decay3,38.57292556762695,best_loss,/users/bfalkenb/scratch/bfalkenb/data/snn_checkpoints/bmi/indy/no_tau_syn_sweep/indy_20160930_05/base_decay3/best_model_weights.pth
indy_20160419_01,small_thr125,38.579376220703125,best_loss,/users/bfalkenb/scratch/bfalkenb/data/snn_checkpoints/bmi/indy/no_tau_syn_sweep/indy_20160419_01/small_thr125/best_model_weights.pth
indy_20160411_02,deep_decay1,38.59604263305664,best_loss,/users/bfalkenb/scratch/bfalkenb/data/snn_checkpoints/bmi/indy/no_tau_syn_sweep/indy_20160411_02/deep_decay1/final_model_bmi_iaf_hard.pth
indy_20161026_03,base_decay3,38.5989875793457,best_loss,/users/bfalkenb/scratch/bfalkenb/data/snn_checkpoints/bmi/indy/no_tau_syn_sweep/indy_20161026_03/base_decay3/best_model_weights.pth
indy_20161011_03,base_thr075,38.603450775146484,best_loss,/users/bfalkenb/scratch/bfalkenb/data/snn_checkpoints/bmi/indy/no_tau_syn_sweep/indy_20161011_03/base_thr075/checkpoint_bmi_iaf_hard_epoch50.pth
indy_20160411_01,small_1x,38.60420608520508,best_loss,/users/bfalkenb/scratch/bfalkenb/data/snn_checkpoints/bmi/indy/no_tau_syn_sweep/indy_20160411_01/small_1x/checkpoint_bmi_iaf_hard_epoch50.pth
indy_20160930_05,base_decay4,38.60782241821289,best_loss,/users/bfalkenb/scratch/bfalkenb/data/snn_checkpoints/bmi/indy/no_tau_syn_sweep/indy_20160930_05/base_decay4/best_model_weights.pth
indy_20160930_05,medium_2x,38.6550407409668,best_loss,/users/bfalkenb/scratch/bfalkenb/data/snn_checkpoints/bmi/indy/no_tau_syn_sweep/indy_20160930_05/medium_2x/checkpoint_bmi_iaf_hard_epoch50.pth
indy_20161026_03,wide_3x,38.656829833984375,best_loss,/users/bfalkenb/scratch/bfalkenb/data/snn_checkpoints/bmi/indy/no_tau_syn_sweep/indy_20161026_03/wide_3x/final_model_bmi_iaf_hard.pth
indy_20161011_03,base_decay3,38.669586181640625,best_loss,/users/bfalkenb/scratch/bfalkenb/data/snn_checkpoints/bmi/indy/no_tau_syn_sweep/indy_20161011_03/base_decay3/final_model_bmi_iaf_hard.pth
indy_20161011_03,medium_3x,38.67258834838867,best_loss,/users/bfalkenb/scratch/bfalkenb/data/snn_checkpoints/bmi/indy/no_tau_syn_sweep/indy_20161011_03/medium_3x/best_model_weights.pth
indy_20161011_03,base,38.67258834838867,best_loss,/users/bfalkenb/scratch/bfalkenb/data/snn_checkpoints/bmi/indy/no_tau_syn_sweep/indy_20161011_03/base/checkpoint_bmi_iaf_hard_epoch50.pth
indy_20160411_01,small_thr125,38.693233489990234,best_loss,/users/bfalkenb/scratch/bfalkenb/data/snn_checkpoints/bmi/indy/no_tau_syn_sweep/indy_20160411_01/small_thr125/checkpoint_bmi_iaf_hard_epoch50.pth
indy_20161014_04,base_decay3,38.71013641357422,best_loss,/users/bfalkenb/scratch/bfalkenb/data/snn_checkpoints/bmi/indy/no_tau_syn_sweep/indy_20161014_04/base_decay3/final_model_bmi_iaf_hard.pth
indy_20160419_01,base_thr200,38.71644973754883,best_loss,/users/bfalkenb/scratch/bfalkenb/data/snn_checkpoints/bmi/indy/no_tau_syn_sweep/indy_20160419_01/base_thr200/checkpoint_bmi_iaf_hard_epoch50.pth
indy_20160411_01,base_thr075,38.91431427001953,best_loss,/users/bfalkenb/scratch/bfalkenb/data/snn_checkpoints/bmi/indy/no_tau_syn_sweep/indy_20160411_01/base_thr075/checkpoint_bmi_iaf_hard_epoch50.pth
indy_20160411_02,medium_decay1,39.00275802612305,best_loss,/users/bfalkenb/scratch/bfalkenb/data/snn_checkpoints/bmi/indy/no_tau_syn_sweep/indy_20160411_02/medium_decay1/best_model_weights.pth
indy_20160624_03,medium_decay1,39.02988815307617,best_loss,/users/bfalkenb/scratch/bfalkenb/data/snn_checkpoints/bmi/indy/no_tau_syn_sweep/indy_20160624_03/medium_decay1/best_model_weights.pth
indy_20161014_04,base_decay4,39.11659622192383,best_loss,/users/bfalkenb/scratch/bfalkenb/data/snn_checkpoints/bmi/indy/no_tau_syn_sweep/indy_20161014_04/base_decay4/best_model_weights.pth
indy_20161026_03,medium_2x,39.14108657836914,best_loss,/users/bfalkenb/scratch/bfalkenb/data/snn_checkpoints/bmi/indy/no_tau_syn_sweep/indy_20161026_03/medium_2x/final_model_bmi_iaf_hard.pth
indy_20160624_03,small_thr125,39.235050201416016,best_loss,/users/bfalkenb/scratch/bfalkenb/data/snn_checkpoints/bmi/indy/no_tau_syn_sweep/indy_20160624_03/small_thr125/checkpoint_bmi_iaf_hard_epoch50.pth
indy_20161011_03,base_decay4,39.274105072021484,best_loss,/users/bfalkenb/scratch/bfalkenb/data/snn_checkpoints/bmi/indy/no_tau_syn_sweep/indy_20161011_03/base_decay4/final_model_bmi_iaf_hard.pth
indy_20161011_03,base_thr125,39.33484649658203,best_loss,/users/bfalkenb/scratch/bfalkenb/data/snn_checkpoints/bmi/indy/no_tau_syn_sweep/indy_20161011_03/base_thr125/final_model_bmi_iaf_hard.pth
indy_20170131_02,small_decay1,39.40589141845703,best_loss,/users/bfalkenb/scratch/bfalkenb/data/snn_checkpoints/bmi/indy/no_tau_syn_sweep/indy_20170131_02/small_decay1/final_model_bmi_iaf_hard.pth
indy_20160930_05,medium_3x,39.46834945678711,best_loss,/users/bfalkenb/scratch/bfalkenb/data/snn_checkpoints/bmi/indy/no_tau_syn_sweep/indy_20160930_05/medium_3x/best_model_weights.pth
indy_20160930_05,base,39.46834945678711,best_loss,/users/bfalkenb/scratch/bfalkenb/data/snn_checkpoints/bmi/indy/no_tau_syn_sweep/indy_20160930_05/base/best_model_weights.pth
indy_20161011_03,deep_decay1,39.481178283691406,best_loss,/users/bfalkenb/scratch/bfalkenb/data/snn_checkpoints/bmi/indy/no_tau_syn_sweep/indy_20161011_03/deep_decay1/final_model_bmi_iaf_hard.pth
indy_20160624_03,small_1x,39.56883239746094,best_loss,/users/bfalkenb/scratch/bfalkenb/data/snn_checkpoints/bmi/indy/no_tau_syn_sweep/indy_20160624_03/small_1x/best_model_weights.pth
indy_20161027_03,medium_2x,39.622066497802734,best_loss,/users/bfalkenb/scratch/bfalkenb/data/snn_checkpoints/bmi/indy/no_tau_syn_sweep/indy_20161027_03/medium_2x/best_model_weights.pth
indy_20160411_01,small_2x,39.62235641479492,best_loss,/users/bfalkenb/scratch/bfalkenb/data/snn_checkpoints/bmi/indy/no_tau_syn_sweep/indy_20160411_01/small_2x/best_model_weights.pth
indy_20160411_01,medium_decay1,39.68362808227539,best_loss,/users/bfalkenb/scratch/bfalkenb/data/snn_checkpoints/bmi/indy/no_tau_syn_sweep/indy_20160411_01/medium_decay1/final_model_bmi_iaf_hard.pth
indy_20161014_04,medium_thr125,39.694942474365234,best_loss,/users/bfalkenb/scratch/bfalkenb/data/snn_checkpoints/bmi/indy/no_tau_syn_sweep/indy_20161014_04/medium_thr125/final_model_bmi_iaf_hard.pth
indy_20160419_01,small_1x,39.7209358215332,best_loss,/users/bfalkenb/scratch/bfalkenb/data/snn_checkpoints/bmi/indy/no_tau_syn_sweep/indy_20160419_01/small_1x/checkpoint_bmi_iaf_hard_epoch50.pth
indy_20160930_05,deep_4x,39.82136535644531,best_loss,/users/bfalkenb/scratch/bfalkenb/data/snn_checkpoints/bmi/indy/no_tau_syn_sweep/indy_20160930_05/deep_4x/final_model_bmi_iaf_hard.pth
indy_20160411_01,base_decay1,39.839447021484375,best_loss,/users/bfalkenb/scratch/bfalkenb/data/snn_checkpoints/bmi/indy/no_tau_syn_sweep/indy_20160411_01/base_decay1/final_model_bmi_iaf_hard.pth
indy_20160930_05,base_thr075,39.840518951416016,best_loss,/users/bfalkenb/scratch/bfalkenb/data/snn_checkpoints/bmi/indy/no_tau_syn_sweep/indy_20160930_05/base_thr075/best_model_weights.pth
indy_20161011_03,small_1x,39.86899185180664,best_loss,/users/bfalkenb/scratch/bfalkenb/data/snn_checkpoints/bmi/indy/no_tau_syn_sweep/indy_20161011_03/small_1x/checkpoint_bmi_iaf_hard_epoch50.pth
indy_20161026_03,small_2x,39.94757080078125,best_loss,/users/bfalkenb/scratch/bfalkenb/data/snn_checkpoints/bmi/indy/no_tau_syn_sweep/indy_20161026_03/small_2x/checkpoint_bmi_iaf_hard_epoch50.pth
indy_20160930_05,small_2x,40.00474548339844,best_loss,/users/bfalkenb/scratch/bfalkenb/data/snn_checkpoints/bmi/indy/no_tau_syn_sweep/indy_20160930_05/small_2x/final_model_bmi_iaf_hard.pth
indy_20161027_03,medium_3x,40.08417510986328,best_loss,/users/bfalkenb/scratch/bfalkenb/data/snn_checkpoints/bmi/indy/no_tau_syn_sweep/indy_20161027_03/medium_3x/checkpoint_bmi_iaf_hard_epoch50.pth
indy_20161027_03,base,40.08417510986328,best_loss,/users/bfalkenb/scratch/bfalkenb/data/snn_checkpoints/bmi/indy/no_tau_syn_sweep/indy_20161027_03/base/checkpoint_bmi_iaf_hard_epoch50.pth
indy_20161013_03,base_thr125,40.14086151123047,best_loss,/users/bfalkenb/scratch/bfalkenb/data/snn_checkpoints/bmi/indy/no_tau_syn_sweep/indy_20161013_03/base_thr125/final_model_bmi_iaf_hard.pth
indy_20161014_04,wide_2x,40.155784606933594,best_loss,/users/bfalkenb/scratch/bfalkenb/data/snn_checkpoints/bmi/indy/no_tau_syn_sweep/indy_20161014_04/wide_2x/final_model_bmi_iaf_hard.pth
indy_20160930_05,base_thr125,40.19931411743164,best_loss,/users/bfalkenb/scratch/bfalkenb/data/snn_checkpoints/bmi/indy/no_tau_syn_sweep/indy_20160930_05/base_thr125/checkpoint_bmi_iaf_hard_epoch50.pth
indy_20160419_01,medium_decay1,40.21074676513672,best_loss,/users/bfalkenb/scratch/bfalkenb/data/snn_checkpoints/bmi/indy/no_tau_syn_sweep/indy_20160419_01/medium_decay1/best_model_weights.pth
indy_20161212_02,wide_2x,40.21376419067383,best_loss,/users/bfalkenb/scratch/bfalkenb/data/snn_checkpoints/bmi/indy/no_tau_syn_sweep/indy_20161212_02/wide_2x/final_model_bmi_iaf_hard.pth
indy_20160411_01,deep_decay1,40.232826232910156,best_loss,/users/bfalkenb/scratch/bfalkenb/data/snn_checkpoints/bmi/indy/no_tau_syn_sweep/indy_20160411_01/deep_decay1/checkpoint_bmi_iaf_hard_epoch50.pth
indy_20161013_03,base_decay3,40.24416732788086,best_loss,/users/bfalkenb/scratch/bfalkenb/data/snn_checkpoints/bmi/indy/no_tau_syn_sweep/indy_20161013_03/base_decay3/final_model_bmi_iaf_hard.pth
indy_20161013_03,wide_2x,40.25608825683594,best_loss,/users/bfalkenb/scratch/bfalkenb/data/snn_checkpoints/bmi/indy/no_tau_syn_sweep/indy_20161013_03/wide_2x/best_model_weights.pth
indy_20161011_03,small_thr125,40.25648498535156,best_loss,/users/bfalkenb/scratch/bfalkenb/data/snn_checkpoints/bmi/indy/no_tau_syn_sweep/indy_20161011_03/small_thr125/best_model_weights.pth
indy_20161027_03,medium_thr125,40.35466003417969,best_loss,/users/bfalkenb/scratch/bfalkenb/data/snn_checkpoints/bmi/indy/no_tau_syn_sweep/indy_20161027_03/medium_thr125/best_model_weights.pth
indy_20161013_03,medium_2x,40.35716247558594,best_loss,/users/bfalkenb/scratch/bfalkenb/data/snn_checkpoints/bmi/indy/no_tau_syn_sweep/indy_20161013_03/medium_2x/best_model_weights.pth
indy_20161026_03,deep_4x,40.41114044189453,best_loss,/users/bfalkenb/scratch/bfalkenb/data/snn_checkpoints/bmi/indy/no_tau_syn_sweep/indy_20161026_03/deep_4x/final_model_bmi_iaf_hard.pth
indy_20161026_03,base_decay4,40.46622085571289,best_loss,/users/bfalkenb/scratch/bfalkenb/data/snn_checkpoints/bmi/indy/no_tau_syn_sweep/indy_20161026_03/base_decay4/checkpoint_bmi_iaf_hard_epoch50.pth
indy_20161014_04,medium_2x,40.48323059082031,best_loss,/users/bfalkenb/scratch/bfalkenb/data/snn_checkpoints/bmi/indy/no_tau_syn_sweep/indy_20161014_04/medium_2x/final_model_bmi_iaf_hard.pth
indy_20170124_01,small_decay1,40.504154205322266,best_loss,/users/bfalkenb/scratch/bfalkenb/data/snn_checkpoints/bmi/indy/no_tau_syn_sweep/indy_20170124_01/small_decay1/final_model_bmi_iaf_hard.pth
indy_20161027_03,base_thr125,40.582454681396484,best_loss,/users/bfalkenb/scratch/bfalkenb/data/snn_checkpoints/bmi/indy/no_tau_syn_sweep/indy_20161027_03/base_thr125/checkpoint_bmi_iaf_hard_epoch50.pth
indy_20161014_04,wide_3x,40.58729553222656,best_loss,/users/bfalkenb/scratch/bfalkenb/data/snn_checkpoints/bmi/indy/no_tau_syn_sweep/indy_20161014_04/wide_3x/final_model_bmi_iaf_hard.pth
indy_20161026_03,wide_2x,40.648582458496094,best_loss,/users/bfalkenb/scratch/bfalkenb/data/snn_checkpoints/bmi/indy/no_tau_syn_sweep/indy_20161026_03/wide_2x/final_model_bmi_iaf_hard.pth
indy_20161011_03,base_thr150,40.70916748046875,best_loss,/users/bfalkenb/scratch/bfalkenb/data/snn_checkpoints/bmi/indy/no_tau_syn_sweep/indy_20161011_03/base_thr150/best_model_weights.pth
indy_20161013_03,deep_4x,40.73191833496094,best_loss,/users/bfalkenb/scratch/bfalkenb/data/snn_checkpoints/bmi/indy/no_tau_syn_sweep/indy_20161013_03/deep_4x/final_model_bmi_iaf_hard.pth
indy_20161011_03,deep_thr125,40.75364685058594,best_loss,/users/bfalkenb/scratch/bfalkenb/data/snn_checkpoints/bmi/indy/no_tau_syn_sweep/indy_20161011_03/deep_thr125/best_model_weights.pth
indy_20160624_03,base_thr200,40.77672576904297,best_loss,/users/bfalkenb/scratch/bfalkenb/data/snn_checkpoints/bmi/indy/no_tau_syn_sweep/indy_20160624_03/base_thr200/best_model_weights.pth
indy_20161014_04,base_thr125,40.79221725463867,best_loss,/users/bfalkenb/scratch/bfalkenb/data/snn_checkpoints/bmi/indy/no_tau_syn_sweep/indy_20161014_04/base_thr125/checkpoint_bmi_iaf_hard_epoch50.pth
indy_20161013_03,small_2x,40.799739837646484,best_loss,/users/bfalkenb/scratch/bfalkenb/data/snn_checkpoints/bmi/indy/no_tau_syn_sweep/indy_20161013_03/small_2x/checkpoint_bmi_iaf_hard_epoch50.pth
indy_20161027_03,base_decay3,40.81465530395508,best_loss,/users/bfalkenb/scratch/bfalkenb/data/snn_checkpoints/bmi/indy/no_tau_syn_sweep/indy_20161027_03/base_decay3/checkpoint_bmi_iaf_hard_epoch50.pth
indy_20161013_03,base_decay4,40.85270309448242,best_loss,/users/bfalkenb/scratch/bfalkenb/data/snn_checkpoints/bmi/indy/no_tau_syn_sweep/indy_20161013_03/base_decay4/checkpoint_bmi_iaf_hard_epoch30.pth
indy_20160407_02,medium_thr125,40.855201721191406,best_loss,/users/bfalkenb/scratch/bfalkenb/data/snn_checkpoints/bmi/indy/no_tau_syn_sweep/indy_20160407_02/medium_thr125/final_model_bmi_iaf_hard.pth
indy_20161014_04,deep_4x,40.890933990478516,best_loss,/users/bfalkenb/scratch/bfalkenb/data/snn_checkpoints/bmi/indy/no_tau_syn_sweep/indy_20161014_04/deep_4x/best_model_weights.pth
indy_20161014_04,medium_3x,40.939613342285156,best_loss,/users/bfalkenb/scratch/bfalkenb/data/snn_checkpoints/bmi/indy/no_tau_syn_sweep/indy_20161014_04/medium_3x/final_model_bmi_iaf_hard.pth
indy_20161014_04,base,40.939613342285156,best_loss,/users/bfalkenb/scratch/bfalkenb/data/snn_checkpoints/bmi/indy/no_tau_syn_sweep/indy_20161014_04/base/final_model_bmi_iaf_hard.pth
indy_20161026_03,medium_thr125,40.96832275390625,best_loss,/users/bfalkenb/scratch/bfalkenb/data/snn_checkpoints/bmi/indy/no_tau_syn_sweep/indy_20161026_03/medium_thr125/best_model_weights.pth
indy_20160407_02,medium_2x,40.99625015258789,best_loss,/users/bfalkenb/scratch/bfalkenb/data/snn_checkpoints/bmi/indy/no_tau_syn_sweep/indy_20160407_02/medium_2x/best_model_weights.pth
indy_20161212_02,base_decay3,41.00727081298828,best_loss,/users/bfalkenb/scratch/bfalkenb/data/snn_checkpoints/bmi/indy/no_tau_syn_sweep/indy_20161212_02/base_decay3/final_model_bmi_iaf_hard.pth
indy_20160411_02,small_decay1,41.09187698364258,best_loss,/users/bfalkenb/scratch/bfalkenb/data/snn_checkpoints/bmi/indy/no_tau_syn_sweep/indy_20160411_02/small_decay1/best_model_weights.pth
indy_20160407_02,base_decay4,41.10807418823242,best_loss,/users/bfalkenb/scratch/bfalkenb/data/snn_checkpoints/bmi/indy/no_tau_syn_sweep/indy_20160407_02/base_decay4/final_model_bmi_iaf_hard.pth
indy_20160407_02,small_2x,41.11170196533203,best_loss,/users/bfalkenb/scratch/bfalkenb/data/snn_checkpoints/bmi/indy/no_tau_syn_sweep/indy_20160407_02/small_2x/best_model_weights.pth
indy_20161013_03,medium_thr125,41.15254592895508,best_loss,/users/bfalkenb/scratch/bfalkenb/data/snn_checkpoints/bmi/indy/no_tau_syn_sweep/indy_20161013_03/medium_thr125/final_model_bmi_iaf_hard.pth
indy_20161013_03,medium_3x,41.21952819824219,best_loss,/users/bfalkenb/scratch/bfalkenb/data/snn_checkpoints/bmi/indy/no_tau_syn_sweep/indy_20161013_03/medium_3x/checkpoint_bmi_iaf_hard_epoch40.pth
indy_20161013_03,base,41.21952819824219,best_loss,/users/bfalkenb/scratch/bfalkenb/data/snn_checkpoints/bmi/indy/no_tau_syn_sweep/indy_20161013_03/base/best_model_weights.pth
indy_20161027_03,base_decay4,41.35769271850586,best_loss,/users/bfalkenb/scratch/bfalkenb/data/snn_checkpoints/bmi/indy/no_tau_syn_sweep/indy_20161027_03/base_decay4/final_model_bmi_iaf_hard.pth
indy_20161014_04,base_thr150,41.386783599853516,best_loss,/users/bfalkenb/scratch/bfalkenb/data/snn_checkpoints/bmi/indy/no_tau_syn_sweep/indy_20161014_04/base_thr150/best_model_weights.pth
indy_20160930_05,small_1x,41.4135856628418,best_loss,/users/bfalkenb/scratch/bfalkenb/data/snn_checkpoints/bmi/indy/no_tau_syn_sweep/indy_20160930_05/small_1x/final_model_bmi_iaf_hard.pth
indy_20160407_02,deep_thr125,41.43107604980469,best_loss,/users/bfalkenb/scratch/bfalkenb/data/snn_checkpoints/bmi/indy/no_tau_syn_sweep/indy_20160407_02/deep_thr125/best_model_weights.pth
indy_20161212_02,base_decay4,41.443050384521484,best_loss,/users/bfalkenb/scratch/bfalkenb/data/snn_checkpoints/bmi/indy/no_tau_syn_sweep/indy_20161212_02/base_decay4/best_model_weights.pth
indy_20161212_02,base_thr075,41.50382995605469,best_loss,/users/bfalkenb/scratch/bfalkenb/data/snn_checkpoints/bmi/indy/no_tau_syn_sweep/indy_20161212_02/base_thr075/final_model_bmi_iaf_hard.pth
indy_20160407_02,deep_4x,41.507144927978516,best_loss,/users/bfalkenb/scratch/bfalkenb/data/snn_checkpoints/bmi/indy/no_tau_syn_sweep/indy_20160407_02/deep_4x/final_model_bmi_iaf_hard.pth
indy_20160407_02,wide_2x,41.54595947265625,best_loss,/users/bfalkenb/scratch/bfalkenb/data/snn_checkpoints/bmi/indy/no_tau_syn_sweep/indy_20160407_02/wide_2x/best_model_weights.pth
indy_20161027_03,deep_4x,41.5579833984375,best_loss,/users/bfalkenb/scratch/bfalkenb/data/snn_checkpoints/bmi/indy/no_tau_syn_sweep/indy_20161027_03/deep_4x/best_model_weights.pth
indy_20161013_03,base_thr075,41.57823944091797,best_loss,/users/bfalkenb/scratch/bfalkenb/data/snn_checkpoints/bmi/indy/no_tau_syn_sweep/indy_20161013_03/base_thr075/best_model_weights.pth
indy_20160407_02,base_decay3,41.62356948852539,best_loss,/users/bfalkenb/scratch/bfalkenb/data/snn_checkpoints/bmi/indy/no_tau_syn_sweep/indy_20160407_02/base_decay3/best_model_weights.pth
indy_20161026_03,deep_thr125,41.62590026855469,best_loss,/users/bfalkenb/scratch/bfalkenb/data/snn_checkpoints/bmi/indy/no_tau_syn_sweep/indy_20161026_03/deep_thr125/final_model_bmi_iaf_hard.pth
indy_20161011_03,base_decay1,41.636993408203125,best_loss,/users/bfalkenb/scratch/bfalkenb/data/snn_checkpoints/bmi/indy/no_tau_syn_sweep/indy_20161011_03/base_decay1/final_model_bmi_iaf_hard.pth
indy_20161014_04,small_2x,41.64228820800781,best_loss,/users/bfalkenb/scratch/bfalkenb/data/snn_checkpoints/bmi/indy/no_tau_syn_sweep/indy_20161014_04/small_2x/checkpoint_bmi_iaf_hard_epoch40.pth
indy_20160930_05,medium_thr125,41.64616012573242,best_loss,/users/bfalkenb/scratch/bfalkenb/data/snn_checkpoints/bmi/indy/no_tau_syn_sweep/indy_20160930_05/medium_thr125/checkpoint_bmi_iaf_hard_epoch40.pth
indy_20161014_04,deep_thr125,41.65522766113281,best_loss,/users/bfalkenb/scratch/bfalkenb/data/snn_checkpoints/bmi/indy/no_tau_syn_sweep/indy_20161014_04/deep_thr125/final_model_bmi_iaf_hard.pth
indy_20160407_02,base_thr125,41.67997741699219,best_loss,/users/bfalkenb/scratch/bfalkenb/data/snn_checkpoints/bmi/indy/no_tau_syn_sweep/indy_20160407_02/base_thr125/best_model_weights.pth
indy_20161212_02,medium_2x,41.70313262939453,best_loss,/users/bfalkenb/scratch/bfalkenb/data/snn_checkpoints/bmi/indy/no_tau_syn_sweep/indy_20161212_02/medium_2x/checkpoint_bmi_iaf_hard_epoch50.pth
indy_20160930_05,small_thr125,41.72169494628906,best_loss,/users/bfalkenb/scratch/bfalkenb/data/snn_checkpoints/bmi/indy/no_tau_syn_sweep/indy_20160930_05/small_thr125/final_model_bmi_iaf_hard.pth
indy_20161011_03,medium_decay1,41.733699798583984,best_loss,/users/bfalkenb/scratch/bfalkenb/data/snn_checkpoints/bmi/indy/no_tau_syn_sweep/indy_20161011_03/medium_decay1/checkpoint_bmi_iaf_hard_epoch50.pth
indy_20160407_02,wide_3x,41.77336120605469,best_loss,/users/bfalkenb/scratch/bfalkenb/data/snn_checkpoints/bmi/indy/no_tau_syn_sweep/indy_20160407_02/wide_3x/checkpoint_bmi_iaf_hard_epoch30.pth
indy_20160407_02,base,41.805397033691406,best_loss,/users/bfalkenb/scratch/bfalkenb/data/snn_checkpoints/bmi/indy/no_tau_syn_sweep/indy_20160407_02/base/best_model_weights.pth
indy_20160407_02,medium_3x,41.805397033691406,best_loss,/users/bfalkenb/scratch/bfalkenb/data/snn_checkpoints/bmi/indy/no_tau_syn_sweep/indy_20160407_02/medium_3x/final_model_bmi_iaf_hard.pth
indy_20161212_02,base,42.08723449707031,best_loss,/users/bfalkenb/scratch/bfalkenb/data/snn_checkpoints/bmi/indy/no_tau_syn_sweep/indy_20161212_02/base/best_model_weights.pth
indy_20161212_02,medium_3x,42.08723449707031,best_loss,/users/bfalkenb/scratch/bfalkenb/data/snn_checkpoints/bmi/indy/no_tau_syn_sweep/indy_20161212_02/medium_3x/best_model_weights.pth
indy_20161212_02,wide_3x,42.12946701049805,best_loss,/users/bfalkenb/scratch/bfalkenb/data/snn_checkpoints/bmi/indy/no_tau_syn_sweep/indy_20161212_02/wide_3x/final_model_bmi_iaf_hard.pth
indy_20161212_02,medium_thr125,42.17236328125,best_loss,/users/bfalkenb/scratch/bfalkenb/data/snn_checkpoints/bmi/indy/no_tau_syn_sweep/indy_20161212_02/medium_thr125/checkpoint_bmi_iaf_hard_epoch50.pth
indy_20160930_05,base_decay1,42.28712463378906,best_loss,/users/bfalkenb/scratch/bfalkenb/data/snn_checkpoints/bmi/indy/no_tau_syn_sweep/indy_20160930_05/base_decay1/final_model_bmi_iaf_hard.pth
indy_20160407_02,small_thr125,42.29827117919922,best_loss,/users/bfalkenb/scratch/bfalkenb/data/snn_checkpoints/bmi/indy/no_tau_syn_sweep/indy_20160407_02/small_thr125/final_model_bmi_iaf_hard.pth
indy_20160407_02,small_1x,42.315185546875,best_loss,/users/bfalkenb/scratch/bfalkenb/data/snn_checkpoints/bmi/indy/no_tau_syn_sweep/indy_20160407_02/small_1x/checkpoint_bmi_iaf_hard_epoch50.pth
indy_20161027_03,wide_2x,42.35972595214844,best_loss,/users/bfalkenb/scratch/bfalkenb/data/snn_checkpoints/bmi/indy/no_tau_syn_sweep/indy_20161027_03/wide_2x/final_model_bmi_iaf_hard.pth
indy_20160407_02,base_thr150,42.429447174072266,best_loss,/users/bfalkenb/scratch/bfalkenb/data/snn_checkpoints/bmi/indy/no_tau_syn_sweep/indy_20160407_02/base_thr150/best_model_weights.pth
indy_20160930_05,base_thr150,42.46608352661133,best_loss,/users/bfalkenb/scratch/bfalkenb/data/snn_checkpoints/bmi/indy/no_tau_syn_sweep/indy_20160930_05/base_thr150/best_model_weights.pth
indy_20161026_03,base,42.481197357177734,best_loss,/users/bfalkenb/scratch/bfalkenb/data/snn_checkpoints/bmi/indy/no_tau_syn_sweep/indy_20161026_03/base/final_model_bmi_iaf_hard.pth
indy_20161026_03,medium_3x,42.481197357177734,best_loss,/users/bfalkenb/scratch/bfalkenb/data/snn_checkpoints/bmi/indy/no_tau_syn_sweep/indy_20161026_03/medium_3x/best_model_weights.pth
indy_20161212_02,small_2x,42.537837982177734,best_loss,/users/bfalkenb/scratch/bfalkenb/data/snn_checkpoints/bmi/indy/no_tau_syn_sweep/indy_20161212_02/small_2x/final_model_bmi_iaf_hard.pth
indy_20161014_04,base_thr075,42.64078903198242,best_loss,/users/bfalkenb/scratch/bfalkenb/data/snn_checkpoints/bmi/indy/no_tau_syn_sweep/indy_20161014_04/base_thr075/best_model_weights.pth
indy_20161013_03,base_thr150,42.64655685424805,best_loss,/users/bfalkenb/scratch/bfalkenb/data/snn_checkpoints/bmi/indy/no_tau_syn_sweep/indy_20161013_03/base_thr150/checkpoint_bmi_iaf_hard_epoch50.pth
indy_20161026_03,base_thr125,42.70363235473633,best_loss,/users/bfalkenb/scratch/bfalkenb/data/snn_checkpoints/bmi/indy/no_tau_syn_sweep/indy_20161026_03/base_thr125/checkpoint_bmi_iaf_hard_epoch50.pth
indy_20160411_01,small_decay1,42.71521759033203,best_loss,/users/bfalkenb/scratch/bfalkenb/data/snn_checkpoints/bmi/indy/no_tau_syn_sweep/indy_20160411_01/small_decay1/final_model_bmi_iaf_hard.pth
indy_20170127_03,wide_3x,42.7287483215332,best_loss,/users/bfalkenb/scratch/bfalkenb/data/snn_checkpoints/bmi/indy/no_tau_syn_sweep/indy_20170127_03/wide_3x/best_model_weights.pth
indy_20161212_02,base_thr125,42.824710845947266,best_loss,/users/bfalkenb/scratch/bfalkenb/data/snn_checkpoints/bmi/indy/no_tau_syn_sweep/indy_20161212_02/base_thr125/checkpoint_bmi_iaf_hard_epoch50.pth
indy_20160930_05,medium_decay1,42.8606071472168,best_loss,/users/bfalkenb/scratch/bfalkenb/data/snn_checkpoints/bmi/indy/no_tau_syn_sweep/indy_20160930_05/medium_decay1/best_model_weights.pth
indy_20170127_03,medium_2x,42.9011116027832,best_loss,/users/bfalkenb/scratch/bfalkenb/data/snn_checkpoints/bmi/indy/no_tau_syn_sweep/indy_20170127_03/medium_2x/final_model_bmi_iaf_hard.pth
indy_20161017_02,base_decay4,42.91926193237305,best_loss,/users/bfalkenb/scratch/bfalkenb/data/snn_checkpoints/bmi/indy/no_tau_syn_sweep/indy_20161017_02/base_decay4/checkpoint_bmi_iaf_hard_epoch50.pth
indy_20161013_03,deep_thr125,42.95566940307617,best_loss,/users/bfalkenb/scratch/bfalkenb/data/snn_checkpoints/bmi/indy/no_tau_syn_sweep/indy_20161013_03/deep_thr125/final_model_bmi_iaf_hard.pth
indy_20160407_02,deep_decay1,43.00133514404297,best_loss,/users/bfalkenb/scratch/bfalkenb/data/snn_checkpoints/bmi/indy/no_tau_syn_sweep/indy_20160407_02/deep_decay1/checkpoint_bmi_iaf_hard_epoch40.pth
indy_20160407_02,base_thr200,43.03046798706055,best_loss,/users/bfalkenb/scratch/bfalkenb/data/snn_checkpoints/bmi/indy/no_tau_syn_sweep/indy_20160407_02/base_thr200/final_model_bmi_iaf_hard.pth
indy_20161212_02,deep_4x,43.229278564453125,best_loss,/users/bfalkenb/scratch/bfalkenb/data/snn_checkpoints/bmi/indy/no_tau_syn_sweep/indy_20161212_02/deep_4x/final_model_bmi_iaf_hard.pth
indy_20161026_03,base_thr075,43.271026611328125,best_loss,/users/bfalkenb/scratch/bfalkenb/data/snn_checkpoints/bmi/indy/no_tau_syn_sweep/indy_20161026_03/base_thr075/best_model_weights.pth
indy_20170127_03,small_2x,43.27377700805664,best_loss,/users/bfalkenb/scratch/bfalkenb/data/snn_checkpoints/bmi/indy/no_tau_syn_sweep/indy_20170127_03/small_2x/final_model_bmi_iaf_hard.pth
indy_20170127_03,wide_2x,43.28165054321289,best_loss,/users/bfalkenb/scratch/bfalkenb/data/snn_checkpoints/bmi/indy/no_tau_syn_sweep/indy_20170127_03/wide_2x/checkpoint_bmi_iaf_hard_epoch50.pth
indy_20161014_04,small_thr125,43.33300018310547,best_loss,/users/bfalkenb/scratch/bfalkenb/data/snn_checkpoints/bmi/indy/no_tau_syn_sweep/indy_20161014_04/small_thr125/final_model_bmi_iaf_hard.pth
indy_20170127_03,medium_3x,43.41777801513672,best_loss,/users/bfalkenb/scratch/bfalkenb/data/snn_checkpoints/bmi/indy/no_tau_syn_sweep/indy_20170127_03/medium_3x/best_model_weights.pth
indy_20170127_03,base,43.41777801513672,best_loss,/users/bfalkenb/scratch/bfalkenb/data/snn_checkpoints/bmi/indy/no_tau_syn_sweep/indy_20170127_03/base/final_model_bmi_iaf_hard.pth
indy_20161027_03,small_2x,43.4484748840332,best_loss,/users/bfalkenb/scratch/bfalkenb/data/snn_checkpoints/bmi/indy/no_tau_syn_sweep/indy_20161027_03/small_2x/best_model_weights.pth
indy_20160407_02,base_decay1,43.455081939697266,best_loss,/users/bfalkenb/scratch/bfalkenb/data/snn_checkpoints/bmi/indy/no_tau_syn_sweep/indy_20160407_02/base_decay1/best_model_weights.pth
indy_20170127_03,base_decay3,43.46356964111328,best_loss,/users/bfalkenb/scratch/bfalkenb/data/snn_checkpoints/bmi/indy/no_tau_syn_sweep/indy_20170127_03/base_decay3/checkpoint_bmi_iaf_hard_epoch40.pth
indy_20160407_02,medium_decay1,43.471378326416016,best_loss,/users/bfalkenb/scratch/bfalkenb/data/snn_checkpoints/bmi/indy/no_tau_syn_sweep/indy_20160407_02/medium_decay1/best_model_weights.pth
indy_20161014_04,small_1x,43.51194763183594,best_loss,/users/bfalkenb/scratch/bfalkenb/data/snn_checkpoints/bmi/indy/no_tau_syn_sweep/indy_20161014_04/small_1x/checkpoint_bmi_iaf_hard_epoch40.pth
indy_20160407_02,base_thr075,43.559967041015625,best_loss,/users/bfalkenb/scratch/bfalkenb/data/snn_checkpoints/bmi/indy/no_tau_syn_sweep/indy_20160407_02/base_thr075/checkpoint_bmi_iaf_hard_epoch30.pth
indy_20161014_04,base_decay1,43.668121337890625,best_loss,/users/bfalkenb/scratch/bfalkenb/data/snn_checkpoints/bmi/indy/no_tau_syn_sweep/indy_20161014_04/base_decay1/final_model_bmi_iaf_hard.pth
indy_20161027_03,base_thr150,43.7697868347168,best_loss,/users/bfalkenb/scratch/bfalkenb/data/snn_checkpoints/bmi/indy/no_tau_syn_sweep/indy_20161027_03/base_thr150/checkpoint_bmi_iaf_hard_epoch50.pth
indy_20161027_03,deep_decay1,43.81436538696289,best_loss,/users/bfalkenb/scratch/bfalkenb/data/snn_checkpoints/bmi/indy/no_tau_syn_sweep/indy_20161027_03/deep_decay1/checkpoint_bmi_iaf_hard_epoch50.pth
indy_20160930_05,deep_thr125,43.83726119995117,best_loss,/users/bfalkenb/scratch/bfalkenb/data/snn_checkpoints/bmi/indy/no_tau_syn_sweep/indy_20160930_05/deep_thr125/final_model_bmi_iaf_hard.pth
indy_20161013_03,small_thr125,43.86180877685547,best_loss,/users/bfalkenb/scratch/bfalkenb/data/snn_checkpoints/bmi/indy/no_tau_syn_sweep/indy_20161013_03/small_thr125/best_model_weights.pth
indy_20161013_03,small_1x,43.90247344970703,best_loss,/users/bfalkenb/scratch/bfalkenb/data/snn_checkpoints/bmi/indy/no_tau_syn_sweep/indy_20161013_03/small_1x/best_model_weights.pth
indy_20170127_03,base_thr125,43.919525146484375,best_loss,/users/bfalkenb/scratch/bfalkenb/data/snn_checkpoints/bmi/indy/no_tau_syn_sweep/indy_20170127_03/base_thr125/final_model_bmi_iaf_hard.pth
indy_20170127_03,medium_thr125,43.928443908691406,best_loss,/users/bfalkenb/scratch/bfalkenb/data/snn_checkpoints/bmi/indy/no_tau_syn_sweep/indy_20170127_03/medium_thr125/final_model_bmi_iaf_hard.pth
indy_20161017_02,wide_3x,43.93529510498047,best_loss,/users/bfalkenb/scratch/bfalkenb/data/snn_checkpoints/bmi/indy/no_tau_syn_sweep/indy_20161017_02/wide_3x/checkpoint_bmi_iaf_hard_epoch50.pth
indy_20160624_03,small_decay1,43.94515609741211,best_loss,/users/bfalkenb/scratch/bfalkenb/data/snn_checkpoints/bmi/indy/no_tau_syn_sweep/indy_20160624_03/small_decay1/final_model_bmi_iaf_hard.pth
indy_20161212_02,small_1x,43.99814224243164,best_loss,/users/bfalkenb/scratch/bfalkenb/data/snn_checkpoints/bmi/indy/no_tau_syn_sweep/indy_20161212_02/small_1x/checkpoint_bmi_iaf_hard_epoch50.pth
indy_20161027_03,small_1x,44.05949401855469,best_loss,/users/bfalkenb/scratch/bfalkenb/data/snn_checkpoints/bmi/indy/no_tau_syn_sweep/indy_20161027_03/small_1x/final_model_bmi_iaf_hard.pth
indy_20161027_03,small_thr125,44.11095428466797,best_loss,/users/bfalkenb/scratch/bfalkenb/data/snn_checkpoints/bmi/indy/no_tau_syn_sweep/indy_20161027_03/small_thr125/best_model_weights.pth
indy_20161013_03,deep_decay1,44.17424392700195,best_loss,/users/bfalkenb/scratch/bfalkenb/data/snn_checkpoints/bmi/indy/no_tau_syn_sweep/indy_20161013_03/deep_decay1/best_model_weights.pth
indy_20161026_03,deep_decay1,44.22297286987305,best_loss,/users/bfalkenb/scratch/bfalkenb/data/snn_checkpoints/bmi/indy/no_tau_syn_sweep/indy_20161026_03/deep_decay1/checkpoint_bmi_iaf_hard_epoch50.pth
indy_20161014_04,deep_decay1,44.32267379760742,best_loss,/users/bfalkenb/scratch/bfalkenb/data/snn_checkpoints/bmi/indy/no_tau_syn_sweep/indy_20161014_04/deep_decay1/final_model_bmi_iaf_hard.pth
indy_20161025_04,deep_4x,44.3227653503418,best_loss,/users/bfalkenb/scratch/bfalkenb/data/snn_checkpoints/bmi/indy/no_tau_syn_sweep/indy_20161025_04/deep_4x/checkpoint_bmi_iaf_hard_epoch50.pth
indy_20161212_02,small_thr125,44.349632263183594,best_loss,/users/bfalkenb/scratch/bfalkenb/data/snn_checkpoints/bmi/indy/no_tau_syn_sweep/indy_20161212_02/small_thr125/best_model_weights.pth
indy_20161212_02,deep_decay1,44.40609359741211,best_loss,/users/bfalkenb/scratch/bfalkenb/data/snn_checkpoints/bmi/indy/no_tau_syn_sweep/indy_20161212_02/deep_decay1/final_model_bmi_iaf_hard.pth
indy_20161013_03,medium_decay1,44.43003463745117,best_loss,/users/bfalkenb/scratch/bfalkenb/data/snn_checkpoints/bmi/indy/no_tau_syn_sweep/indy_20161013_03/medium_decay1/final_model_bmi_iaf_hard.pth
indy_20161026_03,small_1x,44.456756591796875,best_loss,/users/bfalkenb/scratch/bfalkenb/data/snn_checkpoints/bmi/indy/no_tau_syn_sweep/indy_20161026_03/small_1x/final_model_bmi_iaf_hard.pth
indy_20161017_02,base_decay3,44.48850631713867,best_loss,/users/bfalkenb/scratch/bfalkenb/data/snn_checkpoints/bmi/indy/no_tau_syn_sweep/indy_20161017_02/base_decay3/checkpoint_bmi_iaf_hard_epoch50.pth
indy_20161212_02,base_thr150,44.59563446044922,best_loss,/users/bfalkenb/scratch/bfalkenb/data/snn_checkpoints/bmi/indy/no_tau_syn_sweep/indy_20161212_02/base_thr150/best_model_weights.pth
indy_20170127_03,base_thr150,44.633636474609375,best_loss,/users/bfalkenb/scratch/bfalkenb/data/snn_checkpoints/bmi/indy/no_tau_syn_sweep/indy_20170127_03/base_thr150/final_model_bmi_iaf_hard.pth
indy_20161212_02,medium_decay1,44.80857849121094,best_loss,/users/bfalkenb/scratch/bfalkenb/data/snn_checkpoints/bmi/indy/no_tau_syn_sweep/indy_20161212_02/medium_decay1/checkpoint_bmi_iaf_hard_epoch50.pth
indy_20161014_04,medium_decay1,44.8519287109375,best_loss,/users/bfalkenb/scratch/bfalkenb/data/snn_checkpoints/bmi/indy/no_tau_syn_sweep/indy_20161014_04/medium_decay1/best_model_weights.pth
indy_20161027_03,deep_thr125,44.87055969238281,best_loss,/users/bfalkenb/scratch/bfalkenb/data/snn_checkpoints/bmi/indy/no_tau_syn_sweep/indy_20161027_03/deep_thr125/checkpoint_bmi_iaf_hard_epoch40.pth
indy_20161212_02,deep_thr125,44.892738342285156,best_loss,/users/bfalkenb/scratch/bfalkenb/data/snn_checkpoints/bmi/indy/no_tau_syn_sweep/indy_20161212_02/deep_thr125/checkpoint_bmi_iaf_hard_epoch50.pth
indy_20161026_03,small_thr125,44.89822006225586,best_loss,/users/bfalkenb/scratch/bfalkenb/data/snn_checkpoints/bmi/indy/no_tau_syn_sweep/indy_20161026_03/small_thr125/best_model_weights.pth
indy_20160419_01,small_decay1,44.90940856933594,best_loss,/users/bfalkenb/scratch/bfalkenb/data/snn_checkpoints/bmi/indy/no_tau_syn_sweep/indy_20160419_01/small_decay1/final_model_bmi_iaf_hard.pth
indy_20161027_03,base_thr075,44.912452697753906,best_loss,/users/bfalkenb/scratch/bfalkenb/data/snn_checkpoints/bmi/indy/no_tau_syn_sweep/indy_20161027_03/base_thr075/final_model_bmi_iaf_hard.pth
indy_20161013_03,base_decay1,45.238677978515625,best_loss,/users/bfalkenb/scratch/bfalkenb/data/snn_checkpoints/bmi/indy/no_tau_syn_sweep/indy_20161013_03/base_decay1/best_model_weights.pth
indy_20170127_03,base_decay4,45.259986877441406,best_loss,/users/bfalkenb/scratch/bfalkenb/data/snn_checkpoints/bmi/indy/no_tau_syn_sweep/indy_20170127_03/base_decay4/best_model_weights.pth
indy_20161025_04,medium_thr125,45.316200256347656,best_loss,/users/bfalkenb/scratch/bfalkenb/data/snn_checkpoints/bmi/indy/no_tau_syn_sweep/indy_20161025_04/medium_thr125/best_model_weights.pth
indy_20160927_04,wide_3x,45.34556579589844,best_loss,/users/bfalkenb/scratch/bfalkenb/data/snn_checkpoints/bmi/indy/no_tau_syn_sweep/indy_20160927_04/wide_3x/checkpoint_bmi_iaf_hard_epoch50.pth
indy_20160930_05,deep_decay1,45.37966537475586,best_loss,/users/bfalkenb/scratch/bfalkenb/data/snn_checkpoints/bmi/indy/no_tau_syn_sweep/indy_20160930_05/deep_decay1/final_model_bmi_iaf_hard.pth
indy_20170123_02,wide_2x,45.39293670654297,best_loss,/users/bfalkenb/scratch/bfalkenb/data/snn_checkpoints/bmi/indy/no_tau_syn_sweep/indy_20170123_02/wide_2x/best_model_weights.pth
indy_20170127_03,base_thr075,45.423179626464844,best_loss,/users/bfalkenb/scratch/bfalkenb/data/snn_checkpoints/bmi/indy/no_tau_syn_sweep/indy_20170127_03/base_thr075/checkpoint_bmi_iaf_hard_epoch30.pth
indy_20161026_03,base_thr150,45.490478515625,best_loss,/users/bfalkenb/scratch/bfalkenb/data/snn_checkpoints/bmi/indy/no_tau_syn_sweep/indy_20161026_03/base_thr150/checkpoint_bmi_iaf_hard_epoch50.pth
indy_20161212_02,base_decay1,45.53633499145508,best_loss,/users/bfalkenb/scratch/bfalkenb/data/snn_checkpoints/bmi/indy/no_tau_syn_sweep/indy_20161212_02/base_decay1/best_model_weights.pth
indy_20161220_02,wide_3x,45.60337448120117,best_loss,/users/bfalkenb/scratch/bfalkenb/data/snn_checkpoints/bmi/indy/no_tau_syn_sweep/indy_20161220_02/wide_3x/checkpoint_bmi_iaf_hard_epoch50.pth
indy_20160407_02,small_decay1,45.64582061767578,best_loss,/users/bfalkenb/scratch/bfalkenb/data/snn_checkpoints/bmi/indy/no_tau_syn_sweep/indy_20160407_02/small_decay1/best_model_weights.pth
indy_20161025_04,wide_2x,45.67409896850586,best_loss,/users/bfalkenb/scratch/bfalkenb/data/snn_checkpoints/bmi/indy/no_tau_syn_sweep/indy_20161025_04/wide_2x/checkpoint_bmi_iaf_hard_epoch50.pth
indy_20161025_04,wide_3x,45.724029541015625,best_loss,/users/bfalkenb/scratch/bfalkenb/data/snn_checkpoints/bmi/indy/no_tau_syn_sweep/indy_20161025_04/wide_3x/final_model_bmi_iaf_hard.pth
indy_20161207_02,medium_thr125,45.797122955322266,best_loss,/users/bfalkenb/scratch/bfalkenb/data/snn_checkpoints/bmi/indy/no_tau_syn_sweep/indy_20161207_02/medium_thr125/final_model_bmi_iaf_hard.pth
indy_20161207_02,wide_2x,45.867488861083984,best_loss,/users/bfalkenb/scratch/bfalkenb/data/snn_checkpoints/bmi/indy/no_tau_syn_sweep/indy_20161207_02/wide_2x/final_model_bmi_iaf_hard.pth
indy_20161207_02,wide_3x,45.88121032714844,best_loss,/users/bfalkenb/scratch/bfalkenb/data/snn_checkpoints/bmi/indy/no_tau_syn_sweep/indy_20161207_02/wide_3x/checkpoint_bmi_iaf_hard_epoch50.pth
indy_20161011_03,small_decay1,46.064308166503906,best_loss,/users/bfalkenb/scratch/bfalkenb/data/snn_checkpoints/bmi/indy/no_tau_syn_sweep/indy_20161011_03/small_decay1/checkpoint_bmi_iaf_hard_epoch50.pth
indy_20161017_02,wide_2x,46.088260650634766,best_loss,/users/bfalkenb/scratch/bfalkenb/data/snn_checkpoints/bmi/indy/no_tau_syn_sweep/indy_20161017_02/wide_2x/final_model_bmi_iaf_hard.pth
indy_20161014_04,base_thr200,46.13390350341797,best_loss,/users/bfalkenb/scratch/bfalkenb/data/snn_checkpoints/bmi/indy/no_tau_syn_sweep/indy_20161014_04/base_thr200/best_model_weights.pth
indy_20170123_02,small_2x,46.13935852050781,best_loss,/users/bfalkenb/scratch/bfalkenb/data/snn_checkpoints/bmi/indy/no_tau_syn_sweep/indy_20170123_02/small_2x/best_model_weights.pth
indy_20161017_02,base_thr125,46.1497917175293,best_loss,/users/bfalkenb/scratch/bfalkenb/data/snn_checkpoints/bmi/indy/no_tau_syn_sweep/indy_20161017_02/base_thr125/best_model_weights.pth
indy_20170123_02,wide_3x,46.173667907714844,best_loss,/users/bfalkenb/scratch/bfalkenb/data/snn_checkpoints/bmi/indy/no_tau_syn_sweep/indy_20170123_02/wide_3x/checkpoint_bmi_iaf_hard_epoch30.pth
indy_20161013_03,base_thr200,46.24187469482422,best_loss,/users/bfalkenb/scratch/bfalkenb/data/snn_checkpoints/bmi/indy/no_tau_syn_sweep/indy_20161013_03/base_thr200/final_model_bmi_iaf_hard.pth
indy_20160927_04,base_decay4,46.277015686035156,best_loss,/users/bfalkenb/scratch/bfalkenb/data/snn_checkpoints/bmi/indy/no_tau_syn_sweep/indy_20160927_04/base_decay4/checkpoint_bmi_iaf_hard_epoch50.pth
indy_20160916_01,wide_3x,46.37165832519531,best_loss,/users/bfalkenb/scratch/bfalkenb/data/snn_checkpoints/bmi/indy/no_tau_syn_sweep/indy_20160916_01/wide_3x/checkpoint_bmi_iaf_hard_epoch30.pth
indy_20161027_03,base_decay1,46.37446975708008,best_loss,/users/bfalkenb/scratch/bfalkenb/data/snn_checkpoints/bmi/indy/no_tau_syn_sweep/indy_20161027_03/base_decay1/final_model_bmi_iaf_hard.pth
indy_20160927_04,base,46.43056869506836,best_loss,/users/bfalkenb/scratch/bfalkenb/data/snn_checkpoints/bmi/indy/no_tau_syn_sweep/indy_20160927_04/base/best_model_weights.pth
indy_20160927_04,medium_3x,46.43056869506836,best_loss,/users/bfalkenb/scratch/bfalkenb/data/snn_checkpoints/bmi/indy/no_tau_syn_sweep/indy_20160927_04/medium_3x/final_model_bmi_iaf_hard.pth
indy_20160930_05,small_decay1,46.448326110839844,best_loss,/users/bfalkenb/scratch/bfalkenb/data/snn_checkpoints/bmi/indy/no_tau_syn_sweep/indy_20160930_05/small_decay1/best_model_weights.pth
indy_20170127_03,base_decay1,46.45152282714844,best_loss,/users/bfalkenb/scratch/bfalkenb/data/snn_checkpoints/bmi/indy/no_tau_syn_sweep/indy_20170127_03/base_decay1/final_model_bmi_iaf_hard.pth
indy_20170127_03,small_thr125,46.550445556640625,best_loss,/users/bfalkenb/scratch/bfalkenb/data/snn_checkpoints/bmi/indy/no_tau_syn_sweep/indy_20170127_03/small_thr125/final_model_bmi_iaf_hard.pth
indy_20161025_04,medium_2x,46.62013626098633,best_loss,/users/bfalkenb/scratch/bfalkenb/data/snn_checkpoints/bmi/indy/no_tau_syn_sweep/indy_20161025_04/medium_2x/final_model_bmi_iaf_hard.pth
indy_20161025_04,base_decay4,46.632930755615234,best_loss,/users/bfalkenb/scratch/bfalkenb/data/snn_checkpoints/bmi/indy/no_tau_syn_sweep/indy_20161025_04/base_decay4/final_model_bmi_iaf_hard.pth
indy_20161026_03,base_decay1,46.64301300048828,best_loss,/users/bfalkenb/scratch/bfalkenb/data/snn_checkpoints/bmi/indy/no_tau_syn_sweep/indy_20161026_03/base_decay1/final_model_bmi_iaf_hard.pth
indy_20161027_03,base_thr200,46.68452453613281,best_loss,/users/bfalkenb/scratch/bfalkenb/data/snn_checkpoints/bmi/indy/no_tau_syn_sweep/indy_20161027_03/base_thr200/best_model_weights.pth
indy_20170127_03,deep_4x,46.77237319946289,best_loss,/users/bfalkenb/scratch/bfalkenb/data/snn_checkpoints/bmi/indy/no_tau_syn_sweep/indy_20170127_03/deep_4x/best_model_weights.pth
indy_20161024_03,wide_3x,46.782474517822266,best_loss,/users/bfalkenb/scratch/bfalkenb/data/snn_checkpoints/bmi/indy/no_tau_syn_sweep/indy_20161024_03/wide_3x/checkpoint_bmi_iaf_hard_epoch40.pth
indy_20161207_02,small_2x,46.78708267211914,best_loss,/users/bfalkenb/scratch/bfalkenb/data/snn_checkpoints/bmi/indy/no_tau_syn_sweep/indy_20161207_02/small_2x/checkpoint_bmi_iaf_hard_epoch50.pth
indy_20161220_02,wide_2x,46.82164001464844,best_loss,/users/bfalkenb/scratch/bfalkenb/data/snn_checkpoints/bmi/indy/no_tau_syn_sweep/indy_20161220_02/wide_2x/final_model_bmi_iaf_hard.pth
indy_20161207_02,base_decay4,46.84336853027344,best_loss,/users/bfalkenb/scratch/bfalkenb/data/snn_checkpoints/bmi/indy/no_tau_syn_sweep/indy_20161207_02/base_decay4/checkpoint_bmi_iaf_hard_epoch30.pth
indy_20161027_03,medium_decay1,46.8902587890625,best_loss,/users/bfalkenb/scratch/bfalkenb/data/snn_checkpoints/bmi/indy/no_tau_syn_sweep/indy_20161027_03/medium_decay1/final_model_bmi_iaf_hard.pth
indy_20170123_02,base_thr075,46.95110321044922,best_loss,/users/bfalkenb/scratch/bfalkenb/data/snn_checkpoints/bmi/indy/no_tau_syn_sweep/indy_20170123_02/base_thr075/best_model_weights.pth
indy_20161207_02,medium_2x,46.965972900390625,best_loss,/users/bfalkenb/scratch/bfalkenb/data/snn_checkpoints/bmi/indy/no_tau_syn_sweep/indy_20161207_02/medium_2x/best_model_weights.pth
indy_20161026_03,medium_decay1,47.022789001464844,best_loss,/users/bfalkenb/scratch/bfalkenb/data/snn_checkpoints/bmi/indy/no_tau_syn_sweep/indy_20161026_03/medium_decay1/checkpoint_bmi_iaf_hard_epoch50.pth
indy_20161207_02,base_thr075,47.142539978027344,best_loss,/users/bfalkenb/scratch/bfalkenb/data/snn_checkpoints/bmi/indy/no_tau_syn_sweep/indy_20161207_02/base_thr075/final_model_bmi_iaf_hard.pth
indy_20160930_02,wide_3x,47.15895462036133,best_loss,/users/bfalkenb/scratch/bfalkenb/data/snn_checkpoints/bmi/indy/no_tau_syn_sweep/indy_20160930_02/wide_3x/final_model_bmi_iaf_hard.pth
indy_20161017_02,deep_4x,47.18246841430664,best_loss,/users/bfalkenb/scratch/bfalkenb/data/snn_checkpoints/bmi/indy/no_tau_syn_sweep/indy_20161017_02/deep_4x/final_model_bmi_iaf_hard.pth
indy_20170123_02,medium_thr125,47.1843376159668,best_loss,/users/bfalkenb/scratch/bfalkenb/data/snn_checkpoints/bmi/indy/no_tau_syn_sweep/indy_20170123_02/medium_thr125/checkpoint_bmi_iaf_hard_epoch40.pth
indy_20170123_02,medium_2x,47.1994743347168,best_loss,/users/bfalkenb/scratch/bfalkenb/data/snn_checkpoints/bmi/indy/no_tau_syn_sweep/indy_20170123_02/medium_2x/final_model_bmi_iaf_hard.pth
indy_20160915_01,wide_3x,47.29413986206055,best_loss,/users/bfalkenb/scratch/bfalkenb/data/snn_checkpoints/bmi/indy/no_tau_syn_sweep/indy_20160915_01/wide_3x/checkpoint_bmi_iaf_hard_epoch30.pth
indy_20160630_01,base_thr075,47.391334533691406,best_loss,/users/bfalkenb/scratch/bfalkenb/data/snn_checkpoints/bmi/indy/no_tau_syn_sweep/indy_20160630_01/base_thr075/final_model_bmi_iaf_hard.pth
indy_20160916_01,medium_2x,47.393436431884766,best_loss,/users/bfalkenb/scratch/bfalkenb/data/snn_checkpoints/bmi/indy/no_tau_syn_sweep/indy_20160916_01/medium_2x/final_model_bmi_iaf_hard.pth
indy_20161006_02,wide_3x,47.4633903503418,best_loss,/users/bfalkenb/scratch/bfalkenb/data/snn_checkpoints/bmi/indy/no_tau_syn_sweep/indy_20161006_02/wide_3x/best_model_weights.pth
indy_20161024_03,base_decay3,47.48070526123047,best_loss,/users/bfalkenb/scratch/bfalkenb/data/snn_checkpoints/bmi/indy/no_tau_syn_sweep/indy_20161024_03/base_decay3/best_model_weights.pth
indy_20161017_02,small_2x,47.48970031738281,best_loss,/users/bfalkenb/scratch/bfalkenb/data/snn_checkpoints/bmi/indy/no_tau_syn_sweep/indy_20161017_02/small_2x/best_model_weights.pth
indy_20161025_04,small_2x,47.50881576538086,best_loss,/users/bfalkenb/scratch/bfalkenb/data/snn_checkpoints/bmi/indy/no_tau_syn_sweep/indy_20161025_04/small_2x/best_model_weights.pth
indy_20160630_01,small_decay1,47.56508255004883,best_loss,/users/bfalkenb/scratch/bfalkenb/data/snn_checkpoints/bmi/indy/no_tau_syn_sweep/indy_20160630_01/small_decay1/best_model_weights.pth
indy_20170127_03,small_1x,47.58133316040039,best_loss,/users/bfalkenb/scratch/bfalkenb/data/snn_checkpoints/bmi/indy/no_tau_syn_sweep/indy_20170127_03/small_1x/final_model_bmi_iaf_hard.pth
indy_20170127_03,deep_decay1,47.58766174316406,best_loss,/users/bfalkenb/scratch/bfalkenb/data/snn_checkpoints/bmi/indy/no_tau_syn_sweep/indy_20170127_03/deep_decay1/checkpoint_bmi_iaf_hard_epoch50.pth
indy_20161207_02,medium_3x,47.61149215698242,best_loss,/users/bfalkenb/scratch/bfalkenb/data/snn_checkpoints/bmi/indy/no_tau_syn_sweep/indy_20161207_02/medium_3x/best_model_weights.pth
indy_20161207_02,base,47.61149215698242,best_loss,/users/bfalkenb/scratch/bfalkenb/data/snn_checkpoints/bmi/indy/no_tau_syn_sweep/indy_20161207_02/base/final_model_bmi_iaf_hard.pth
indy_20160916_01,wide_2x,47.62782287597656,best_loss,/users/bfalkenb/scratch/bfalkenb/data/snn_checkpoints/bmi/indy/no_tau_syn_sweep/indy_20160916_01/wide_2x/checkpoint_bmi_iaf_hard_epoch50.pth
indy_20161014_04,small_decay1,47.646175384521484,best_loss,/users/bfalkenb/scratch/bfalkenb/data/snn_checkpoints/bmi/indy/no_tau_syn_sweep/indy_20161014_04/small_decay1/checkpoint_bmi_iaf_hard_epoch50.pth
indy_20161207_02,base_decay3,47.664031982421875,best_loss,/users/bfalkenb/scratch/bfalkenb/data/snn_checkpoints/bmi/indy/no_tau_syn_sweep/indy_20161207_02/base_decay3/checkpoint_bmi_iaf_hard_epoch40.pth
indy_20170123_02,base_thr125,47.677101135253906,best_loss,/users/bfalkenb/scratch/bfalkenb/data/snn_checkpoints/bmi/indy/no_tau_syn_sweep/indy_20170123_02/base_thr125/checkpoint_bmi_iaf_hard_epoch50.pth
indy_20161207_02,base_thr125,47.70846939086914,best_loss,/users/bfalkenb/scratch/bfalkenb/data/snn_checkpoints/bmi/indy/no_tau_syn_sweep/indy_20161207_02/base_thr125/best_model_weights.pth
indy_20160927_04,base_decay3,47.71969223022461,best_loss,/users/bfalkenb/scratch/bfalkenb/data/snn_checkpoints/bmi/indy/no_tau_syn_sweep/indy_20160927_04/base_decay3/best_model_weights.pth
indy_20160927_04,wide_2x,47.7495231628418,best_loss,/users/bfalkenb/scratch/bfalkenb/data/snn_checkpoints/bmi/indy/no_tau_syn_sweep/indy_20160927_04/wide_2x/best_model_weights.pth
indy_20161206_02,wide_3x,47.75929260253906,best_loss,/users/bfalkenb/scratch/bfalkenb/data/snn_checkpoints/bmi/indy/no_tau_syn_sweep/indy_20161206_02/wide_3x/best_model_weights.pth
indy_20161025_04,base_decay3,47.843414306640625,best_loss,/users/bfalkenb/scratch/bfalkenb/data/snn_checkpoints/bmi/indy/no_tau_syn_sweep/indy_20161025_04/base_decay3/final_model_bmi_iaf_hard.pth
indy_20161017_02,medium_2x,47.88399124145508,best_loss,/users/bfalkenb/scratch/bfalkenb/data/snn_checkpoints/bmi/indy/no_tau_syn_sweep/indy_20161017_02/medium_2x/final_model_bmi_iaf_hard.pth
indy_20161024_03,base_decay4,47.88412857055664,best_loss,/users/bfalkenb/scratch/bfalkenb/data/snn_checkpoints/bmi/indy/no_tau_syn_sweep/indy_20161024_03/base_decay4/final_model_bmi_iaf_hard.pth
indy_20160916_01,base_decay4,47.91107177734375,best_loss,/users/bfalkenb/scratch/bfalkenb/data/snn_checkpoints/bmi/indy/no_tau_syn_sweep/indy_20160916_01/base_decay4/checkpoint_bmi_iaf_hard_epoch50.pth
indy_20160630_01,small_2x,47.95777893066406,best_loss,/users/bfalkenb/scratch/bfalkenb/data/snn_checkpoints/bmi/indy/no_tau_syn_sweep/indy_20160630_01/small_2x/checkpoint_bmi_iaf_hard_epoch30.pth
indy_20160630_01,medium_2x,47.96217346191406,best_loss,/users/bfalkenb/scratch/bfalkenb/data/snn_checkpoints/bmi/indy/no_tau_syn_sweep/indy_20160630_01/medium_2x/final_model_bmi_iaf_hard.pth
indy_20161017_02,medium_3x,48.02120590209961,best_loss,/users/bfalkenb/scratch/bfalkenb/data/snn_checkpoints/bmi/indy/no_tau_syn_sweep/indy_20161017_02/medium_3x/checkpoint_bmi_iaf_hard_epoch30.pth
indy_20161017_02,base,48.02120590209961,best_loss,/users/bfalkenb/scratch/bfalkenb/data/snn_checkpoints/bmi/indy/no_tau_syn_sweep/indy_20161017_02/base/checkpoint_bmi_iaf_hard_epoch30.pth
indy_20160630_01,wide_2x,48.032310485839844,best_loss,/users/bfalkenb/scratch/bfalkenb/data/snn_checkpoints/bmi/indy/no_tau_syn_sweep/indy_20160630_01/wide_2x/checkpoint_bmi_iaf_hard_epoch30.pth
indy_20161025_04,deep_thr125,48.05228042602539,best_loss,/users/bfalkenb/scratch/bfalkenb/data/snn_checkpoints/bmi/indy/no_tau_syn_sweep/indy_20161025_04/deep_thr125/checkpoint_bmi_iaf_hard_epoch50.pth
indy_20170127_03,medium_decay1,48.11530303955078,best_loss,/users/bfalkenb/scratch/bfalkenb/data/snn_checkpoints/bmi/indy/no_tau_syn_sweep/indy_20170127_03/medium_decay1/final_model_bmi_iaf_hard.pth
indy_20170123_02,base_thr150,48.125701904296875,best_loss,/users/bfalkenb/scratch/bfalkenb/data/snn_checkpoints/bmi/indy/no_tau_syn_sweep/indy_20170123_02/base_thr150/checkpoint_bmi_iaf_hard_epoch50.pth
indy_20161024_03,base_thr075,48.1352424621582,best_loss,/users/bfalkenb/scratch/bfalkenb/data/snn_checkpoints/bmi/indy/no_tau_syn_sweep/indy_20161024_03/base_thr075/final_model_bmi_iaf_hard.pth
indy_20160930_02,base_decay3,48.16097640991211,best_loss,/users/bfalkenb/scratch/bfalkenb/data/snn_checkpoints/bmi/indy/no_tau_syn_sweep/indy_20160930_02/base_decay3/best_model_weights.pth
indy_20160630_01,small_thr125,48.17814636230469,best_loss,/users/bfalkenb/scratch/bfalkenb/data/snn_checkpoints/bmi/indy/no_tau_syn_sweep/indy_20160630_01/small_thr125/final_model_bmi_iaf_hard.pth
indy_20170123_02,base_decay1,48.26291275024414,best_loss,/users/bfalkenb/scratch/bfalkenb/data/snn_checkpoints/bmi/indy/no_tau_syn_sweep/indy_20170123_02/base_decay1/best_model_weights.pth
indy_20160916_01,base_thr075,48.29095458984375,best_loss,/users/bfalkenb/scratch/bfalkenb/data/snn_checkpoints/bmi/indy/no_tau_syn_sweep/indy_20160916_01/base_thr075/best_model_weights.pth
indy_20160630_01,small_1x,48.29635238647461,best_loss,/users/bfalkenb/scratch/bfalkenb/data/snn_checkpoints/bmi/indy/no_tau_syn_sweep/indy_20160630_01/small_1x/best_model_weights.pth
indy_20161220_02,base_decay3,48.38088607788086,best_loss,/users/bfalkenb/scratch/bfalkenb/data/snn_checkpoints/bmi/indy/no_tau_syn_sweep/indy_20161220_02/base_decay3/final_model_bmi_iaf_hard.pth
indy_20161017_02,medium_thr125,48.41403579711914,best_loss,/users/bfalkenb/scratch/bfalkenb/data/snn_checkpoints/bmi/indy/no_tau_syn_sweep/indy_20161017_02/medium_thr125/checkpoint_bmi_iaf_hard_epoch50.pth
indy_20161006_02,medium_2x,48.41432189941406,best_loss,/users/bfalkenb/scratch/bfalkenb/data/snn_checkpoints/bmi/indy/no_tau_syn_sweep/indy_20161006_02/medium_2x/final_model_bmi_iaf_hard.pth
indy_20160916_01,deep_4x,48.42662811279297,best_loss,/users/bfalkenb/scratch/bfalkenb/data/snn_checkpoints/bmi/indy/no_tau_syn_sweep/indy_20160916_01/deep_4x/final_model_bmi_iaf_hard.pth
indy_20170123_02,base,48.429351806640625,best_loss,/users/bfalkenb/scratch/bfalkenb/data/snn_checkpoints/bmi/indy/no_tau_syn_sweep/indy_20170123_02/base/checkpoint_bmi_iaf_hard_epoch50.pth
indy_20170123_02,medium_3x,48.429351806640625,best_loss,/users/bfalkenb/scratch/bfalkenb/data/snn_checkpoints/bmi/indy/no_tau_syn_sweep/indy_20170123_02/medium_3x/final_model_bmi_iaf_hard.pth
indy_20160927_04,base_thr075,48.42966079711914,best_loss,/users/bfalkenb/scratch/bfalkenb/data/snn_checkpoints/bmi/indy/no_tau_syn_sweep/indy_20160927_04/base_thr075/best_model_weights.pth
indy_20161017_02,deep_thr125,48.46648406982422,best_loss,/users/bfalkenb/scratch/bfalkenb/data/snn_checkpoints/bmi/indy/no_tau_syn_sweep/indy_20161017_02/deep_thr125/best_model_weights.pth
indy_20170123_02,base_decay3,48.49348831176758,best_loss,/users/bfalkenb/scratch/bfalkenb/data/snn_checkpoints/bmi/indy/no_tau_syn_sweep/indy_20170123_02/base_decay3/final_model_bmi_iaf_hard.pth
indy_20170123_02,deep_4x,48.49684143066406,best_loss,/users/bfalkenb/scratch/bfalkenb/data/snn_checkpoints/bmi/indy/no_tau_syn_sweep/indy_20170123_02/deep_4x/checkpoint_bmi_iaf_hard_epoch50.pth
indy_20161017_02,base_thr150,48.51854705810547,best_loss,/users/bfalkenb/scratch/bfalkenb/data/snn_checkpoints/bmi/indy/no_tau_syn_sweep/indy_20161017_02/base_thr150/best_model_weights.pth
indy_20160930_02,base_decay4,48.530006408691406,best_loss,/users/bfalkenb/scratch/bfalkenb/data/snn_checkpoints/bmi/indy/no_tau_syn_sweep/indy_20160930_02/base_decay4/checkpoint_bmi_iaf_hard_epoch50.pth
indy_20160916_01,base_decay3,48.61812210083008,best_loss,/users/bfalkenb/scratch/bfalkenb/data/snn_checkpoints/bmi/indy/no_tau_syn_sweep/indy_20160916_01/base_decay3/best_model_weights.pth
indy_20160930_02,small_2x,48.62016296386719,best_loss,/users/bfalkenb/scratch/bfalkenb/data/snn_checkpoints/bmi/indy/no_tau_syn_sweep/indy_20160930_02/small_2x/best_model_weights.pth
indy_20160630_01,medium_decay1,48.65629196166992,best_loss,/users/bfalkenb/scratch/bfalkenb/data/snn_checkpoints/bmi/indy/no_tau_syn_sweep/indy_20160630_01/medium_decay1/checkpoint_bmi_iaf_hard_epoch40.pth
indy_20160630_01,base_decay1,48.74674987792969,best_loss,/users/bfalkenb/scratch/bfalkenb/data/snn_checkpoints/bmi/indy/no_tau_syn_sweep/indy_20160630_01/base_decay1/checkpoint_bmi_iaf_hard_epoch40.pth
indy_20161024_03,base,48.8412971496582,best_loss,/users/bfalkenb/scratch/bfalkenb/data/snn_checkpoints/bmi/indy/no_tau_syn_sweep/indy_20161024_03/base/checkpoint_bmi_iaf_hard_epoch50.pth
indy_20161024_03,medium_3x,48.8412971496582,best_loss,/users/bfalkenb/scratch/bfalkenb/data/snn_checkpoints/bmi/indy/no_tau_syn_sweep/indy_20161024_03/medium_3x/best_model_weights.pth
indy_20170123_02,small_1x,48.851993560791016,best_loss,/users/bfalkenb/scratch/bfalkenb/data/snn_checkpoints/bmi/indy/no_tau_syn_sweep/indy_20170123_02/small_1x/best_model_weights.pth
indy_20160927_04,base_thr125,48.871097564697266,best_loss,/users/bfalkenb/scratch/bfalkenb/data/snn_checkpoints/bmi/indy/no_tau_syn_sweep/indy_20160927_04/base_thr125/final_model_bmi_iaf_hard.pth
indy_20160630_01,wide_3x,48.9037971496582,best_loss,/users/bfalkenb/scratch/bfalkenb/data/snn_checkpoints/bmi/indy/no_tau_syn_sweep/indy_20160630_01/wide_3x/checkpoint_bmi_iaf_hard_epoch30.pth
indy_20170127_03,base_thr200,48.90467071533203,best_loss,/users/bfalkenb/scratch/bfalkenb/data/snn_checkpoints/bmi/indy/no_tau_syn_sweep/indy_20170127_03/base_thr200/final_model_bmi_iaf_hard.pth
indy_20161220_02,base_decay4,48.927528381347656,best_loss,/users/bfalkenb/scratch/bfalkenb/data/snn_checkpoints/bmi/indy/no_tau_syn_sweep/indy_20161220_02/base_decay4/final_model_bmi_iaf_hard.pth
indy_20161025_04,base_thr125,48.93926239013672,best_loss,/users/bfalkenb/scratch/bfalkenb/data/snn_checkpoints/bmi/indy/no_tau_syn_sweep/indy_20161025_04/base_thr125/final_model_bmi_iaf_hard.pth
indy_20160915_01,base_decay3,48.98820114135742,best_loss,/users/bfalkenb/scratch/bfalkenb/data/snn_checkpoints/bmi/indy/no_tau_syn_sweep/indy_20160915_01/base_decay3/best_model_weights.pth
indy_20161025_04,medium_3x,49.00559997558594,best_loss,/users/bfalkenb/scratch/bfalkenb/data/snn_checkpoints/bmi/indy/no_tau_syn_sweep/indy_20161025_04/medium_3x/best_model_weights.pth
indy_20161025_04,base,49.00559997558594,best_loss,/users/bfalkenb/scratch/bfalkenb/data/snn_checkpoints/bmi/indy/no_tau_syn_sweep/indy_20161025_04/base/best_model_weights.pth
indy_20161013_03,small_decay1,49.00693893432617,best_loss,/users/bfalkenb/scratch/bfalkenb/data/snn_checkpoints/bmi/indy/no_tau_syn_sweep/indy_20161013_03/small_decay1/best_model_weights.pth
indy_20161207_02,small_1x,49.02180480957031,best_loss,/users/bfalkenb/scratch/bfalkenb/data/snn_checkpoints/bmi/indy/no_tau_syn_sweep/indy_20161207_02/small_1x/checkpoint_bmi_iaf_hard_epoch50.pth
indy_20160930_02,medium_3x,49.052391052246094,best_loss,/users/bfalkenb/scratch/bfalkenb/data/snn_checkpoints/bmi/indy/no_tau_syn_sweep/indy_20160930_02/medium_3x/final_model_bmi_iaf_hard.pth
indy_20160930_02,base,49.052391052246094,best_loss,/users/bfalkenb/scratch/bfalkenb/data/snn_checkpoints/bmi/indy/no_tau_syn_sweep/indy_20160930_02/base/best_model_weights.pth
indy_20160930_02,medium_thr125,49.068111419677734,best_loss,/users/bfalkenb/scratch/bfalkenb/data/snn_checkpoints/bmi/indy/no_tau_syn_sweep/indy_20160930_02/medium_thr125/best_model_weights.pth
indy_20161207_02,small_thr125,49.09000778198242,best_loss,/users/bfalkenb/scratch/bfalkenb/data/snn_checkpoints/bmi/indy/no_tau_syn_sweep/indy_20161207_02/small_thr125/checkpoint_bmi_iaf_hard_epoch50.pth
indy_20160916_01,medium_thr125,49.09099578857422,best_loss,/users/bfalkenb/scratch/bfalkenb/data/snn_checkpoints/bmi/indy/no_tau_syn_sweep/indy_20160916_01/medium_thr125/best_model_weights.pth
indy_20160630_01,medium_thr125,49.09666442871094,best_loss,/users/bfalkenb/scratch/bfalkenb/data/snn_checkpoints/bmi/indy/no_tau_syn_sweep/indy_20160630_01/medium_thr125/final_model_bmi_iaf_hard.pth
indy_20161220_02,medium_2x,49.099117279052734,best_loss,/users/bfalkenb/scratch/bfalkenb/data/snn_checkpoints/bmi/indy/no_tau_syn_sweep/indy_20161220_02/medium_2x/checkpoint_bmi_iaf_hard_epoch50.pth
indy_20160916_01,small_2x,49.10626983642578,best_loss,/users/bfalkenb/scratch/bfalkenb/data/snn_checkpoints/bmi/indy/no_tau_syn_sweep/indy_20160916_01/small_2x/checkpoint_bmi_iaf_hard_epoch50.pth
indy_20161006_02,wide_2x,49.111534118652344,best_loss,/users/bfalkenb/scratch/bfalkenb/data/snn_checkpoints/bmi/indy/no_tau_syn_sweep/indy_20161006_02/wide_2x/best_model_weights.pth
indy_20170123_02,base_decay4,49.11543655395508,best_loss,/users/bfalkenb/scratch/bfalkenb/data/snn_checkpoints/bmi/indy/no_tau_syn_sweep/indy_20170123_02/base_decay4/checkpoint_bmi_iaf_hard_epoch40.pth
indy_20161006_02,base_thr075,49.15715408325195,best_loss,/users/bfalkenb/scratch/bfalkenb/data/snn_checkpoints/bmi/indy/no_tau_syn_sweep/indy_20161006_02/base_thr075/final_model_bmi_iaf_hard.pth
indy_20170123_02,small_thr125,49.194618225097656,best_loss,/users/bfalkenb/scratch/bfalkenb/data/snn_checkpoints/bmi/indy/no_tau_syn_sweep/indy_20170123_02/small_thr125/best_model_weights.pth
indy_20161207_02,medium_decay1,49.216285705566406,best_loss,/users/bfalkenb/scratch/bfalkenb/data/snn_checkpoints/bmi/indy/no_tau_syn_sweep/indy_20161207_02/medium_decay1/best_model_weights.pth
indy_20160930_02,wide_2x,49.24856185913086,best_loss,/users/bfalkenb/scratch/bfalkenb/data/snn_checkpoints/bmi/indy/no_tau_syn_sweep/indy_20160930_02/wide_2x/checkpoint_bmi_iaf_hard_epoch40.pth
indy_20161025_04,base_thr075,49.26258850097656,best_loss,/users/bfalkenb/scratch/bfalkenb/data/snn_checkpoints/bmi/indy/no_tau_syn_sweep/indy_20161025_04/base_thr075/checkpoint_bmi_iaf_hard_epoch50.pth
indy_20161206_02,base_decay4,49.29016876220703,best_loss,/users/bfalkenb/scratch/bfalkenb/data/snn_checkpoints/bmi/indy/no_tau_syn_sweep/indy_20161206_02/base_decay4/checkpoint_bmi_iaf_hard_epoch50.pth
indy_20170123_02,medium_decay1,49.29399871826172,best_loss,/users/bfalkenb/scratch/bfalkenb/data/snn_checkpoints/bmi/indy/no_tau_syn_sweep/indy_20170123_02/medium_decay1/checkpoint_bmi_iaf_hard_epoch50.pth
indy_20160927_04,deep_4x,49.340721130371094,best_loss,/users/bfalkenb/scratch/bfalkenb/data/snn_checkpoints/bmi/indy/no_tau_syn_sweep/indy_20160927_04/deep_4x/checkpoint_bmi_iaf_hard_epoch50.pth
indy_20161024_03,medium_thr125,49.4034423828125,best_loss,/users/bfalkenb/scratch/bfalkenb/data/snn_checkpoints/bmi/indy/no_tau_syn_sweep/indy_20161024_03/medium_thr125/checkpoint_bmi_iaf_hard_epoch50.pth
indy_20160927_04,medium_thr125,49.46657943725586,best_loss,/users/bfalkenb/scratch/bfalkenb/data/snn_checkpoints/bmi/indy/no_tau_syn_sweep/indy_20160927_04/medium_thr125/best_model_weights.pth
indy_20170123_02,deep_decay1,49.501224517822266,best_loss,/users/bfalkenb/scratch/bfalkenb/data/snn_checkpoints/bmi/indy/no_tau_syn_sweep/indy_20170123_02/deep_decay1/best_model_weights.pth
indy_20161007_02,deep_4x,49.50480270385742,best_loss,/users/bfalkenb/scratch/bfalkenb/data/snn_checkpoints/bmi/indy/no_tau_syn_sweep/indy_20161007_02/deep_4x/best_model_weights.pth
indy_20160930_05,base_thr200,49.521141052246094,best_loss,/users/bfalkenb/scratch/bfalkenb/data/snn_checkpoints/bmi/indy/no_tau_syn_sweep/indy_20160930_05/base_thr200/checkpoint_bmi_iaf_hard_epoch50.pth
indy_20161206_02,medium_2x,49.53911590576172,best_loss,/users/bfalkenb/scratch/bfalkenb/data/snn_checkpoints/bmi/indy/no_tau_syn_sweep/indy_20161206_02/medium_2x/best_model_weights.pth
indy_20160927_04,small_2x,49.555118560791016,best_loss,/users/bfalkenb/scratch/bfalkenb/data/snn_checkpoints/bmi/indy/no_tau_syn_sweep/indy_20160927_04/small_2x/best_model_weights.pth
indy_20160930_02,medium_2x,49.555294036865234,best_loss,/users/bfalkenb/scratch/bfalkenb/data/snn_checkpoints/bmi/indy/no_tau_syn_sweep/indy_20160930_02/medium_2x/best_model_weights.pth
indy_20160630_01,medium_3x,49.58672332763672,best_loss,/users/bfalkenb/scratch/bfalkenb/data/snn_checkpoints/bmi/indy/no_tau_syn_sweep/indy_20160630_01/medium_3x/best_model_weights.pth
indy_20160630_01,base,49.58672332763672,best_loss,/users/bfalkenb/scratch/bfalkenb/data/snn_checkpoints/bmi/indy/no_tau_syn_sweep/indy_20160630_01/base/final_model_bmi_iaf_hard.pth
indy_20161006_02,small_2x,49.62845230102539,best_loss,/users/bfalkenb/scratch/bfalkenb/data/snn_checkpoints/bmi/indy/no_tau_syn_sweep/indy_20161006_02/small_2x/checkpoint_bmi_iaf_hard_epoch50.pth
indy_20161006_02,medium_thr125,49.66227340698242,best_loss,/users/bfalkenb/scratch/bfalkenb/data/snn_checkpoints/bmi/indy/no_tau_syn_sweep/indy_20161006_02/medium_thr125/best_model_weights.pth
indy_20161006_02,deep_4x,49.6710090637207,best_loss,/users/bfalkenb/scratch/bfalkenb/data/snn_checkpoints/bmi/indy/no_tau_syn_sweep/indy_20161006_02/deep_4x/checkpoint_bmi_iaf_hard_epoch50.pth
indy_20161220_02,medium_thr125,49.72529983520508,best_loss,/users/bfalkenb/scratch/bfalkenb/data/snn_checkpoints/bmi/indy/no_tau_syn_sweep/indy_20161220_02/medium_thr125/best_model_weights.pth
indy_20161006_02,base_decay3,49.79454040527344,best_loss,/users/bfalkenb/scratch/bfalkenb/data/snn_checkpoints/bmi/indy/no_tau_syn_sweep/indy_20161006_02/base_decay3/final_model_bmi_iaf_hard.pth
indy_20161212_02,small_decay1,49.81241989135742,best_loss,/users/bfalkenb/scratch/bfalkenb/data/snn_checkpoints/bmi/indy/no_tau_syn_sweep/indy_20161212_02/small_decay1/checkpoint_bmi_iaf_hard_epoch50.pth
indy_20160930_02,base_thr075,49.857826232910156,best_loss,/users/bfalkenb/scratch/bfalkenb/data/snn_checkpoints/bmi/indy/no_tau_syn_sweep/indy_20160930_02/base_thr075/best_model_weights.pth
indy_20160916_01,base,49.86148452758789,best_loss,/users/bfalkenb/scratch/bfalkenb/data/snn_checkpoints/bmi/indy/no_tau_syn_sweep/indy_20160916_01/base/final_model_bmi_iaf_hard.pth
indy_20160916_01,medium_3x,49.86148452758789,best_loss,/users/bfalkenb/scratch/bfalkenb/data/snn_checkpoints/bmi/indy/no_tau_syn_sweep/indy_20160916_01/medium_3x/best_model_weights.pth
indy_20160927_04,medium_2x,49.91753387451172,best_loss,/users/bfalkenb/scratch/bfalkenb/data/snn_checkpoints/bmi/indy/no_tau_syn_sweep/indy_20160927_04/medium_2x/checkpoint_bmi_iaf_hard_epoch50.pth
indy_20161206_02,medium_3x,50.014923095703125,best_loss,/users/bfalkenb/scratch/bfalkenb/data/snn_checkpoints/bmi/indy/no_tau_syn_sweep/indy_20161206_02/medium_3x/checkpoint_bmi_iaf_hard_epoch50.pth
indy_20161206_02,base,50.014923095703125,best_loss,/users/bfalkenb/scratch/bfalkenb/data/snn_checkpoints/bmi/indy/no_tau_syn_sweep/indy_20161206_02/base/best_model_weights.pth
indy_20160630_01,base_decay3,50.04900360107422,best_loss,/users/bfalkenb/scratch/bfalkenb/data/snn_checkpoints/bmi/indy/no_tau_syn_sweep/indy_20160630_01/base_decay3/checkpoint_bmi_iaf_hard_epoch30.pth
indy_20161024_03,base_thr125,50.08329391479492,best_loss,/users/bfalkenb/scratch/bfalkenb/data/snn_checkpoints/bmi/indy/no_tau_syn_sweep/indy_20161024_03/base_thr125/final_model_bmi_iaf_hard.pth
indy_20161220_02,small_2x,50.134498596191406,best_loss,/users/bfalkenb/scratch/bfalkenb/data/snn_checkpoints/bmi/indy/no_tau_syn_sweep/indy_20161220_02/small_2x/checkpoint_bmi_iaf_hard_epoch50.pth
indy_20161206_02,wide_2x,50.1618766784668,best_loss,/users/bfalkenb/scratch/bfalkenb/data/snn_checkpoints/bmi/indy/no_tau_syn_sweep/indy_20161206_02/wide_2x/final_model_bmi_iaf_hard.pth
indy_20160915_01,medium_thr125,50.198997497558594,best_loss,/users/bfalkenb/scratch/bfalkenb/data/snn_checkpoints/bmi/indy/no_tau_syn_sweep/indy_20160915_01/medium_thr125/best_model_weights.pth
indy_20160927_04,deep_thr125,50.23662567138672,best_loss,/users/bfalkenb/scratch/bfalkenb/data/snn_checkpoints/bmi/indy/no_tau_syn_sweep/indy_20160927_04/deep_thr125/best_model_weights.pth
indy_20160915_01,base_thr075,50.23836135864258,best_loss,/users/bfalkenb/scratch/bfalkenb/data/snn_checkpoints/bmi/indy/no_tau_syn_sweep/indy_20160915_01/base_thr075/best_model_weights.pth
indy_20161007_02,wide_2x,50.261497497558594,best_loss,/users/bfalkenb/scratch/bfalkenb/data/snn_checkpoints/bmi/indy/no_tau_syn_sweep/indy_20161007_02/wide_2x/final_model_bmi_iaf_hard.pth
indy_20161207_02,base_thr150,50.357627868652344,best_loss,/users/bfalkenb/scratch/bfalkenb/data/snn_checkpoints/bmi/indy/no_tau_syn_sweep/indy_20161207_02/base_thr150/best_model_weights.pth
indy_20160630_01,base_decay4,50.35849380493164,best_loss,/users/bfalkenb/scratch/bfalkenb/data/snn_checkpoints/bmi/indy/no_tau_syn_sweep/indy_20160630_01/base_decay4/checkpoint_bmi_iaf_hard_epoch30.pth
indy_20161027_03,small_decay1,50.36324691772461,best_loss,/users/bfalkenb/scratch/bfalkenb/data/snn_checkpoints/bmi/indy/no_tau_syn_sweep/indy_20161027_03/small_decay1/checkpoint_bmi_iaf_hard_epoch50.pth
indy_20161206_02,base_decay3,50.41594314575195,best_loss,/users/bfalkenb/scratch/bfalkenb/data/snn_checkpoints/bmi/indy/no_tau_syn_sweep/indy_20161206_02/base_decay3/final_model_bmi_iaf_hard.pth
indy_20161207_02,base_decay1,50.42306137084961,best_loss,/users/bfalkenb/scratch/bfalkenb/data/snn_checkpoints/bmi/indy/no_tau_syn_sweep/indy_20161207_02/base_decay1/final_model_bmi_iaf_hard.pth
indy_20161024_03,medium_2x,50.423709869384766,best_loss,/users/bfalkenb/scratch/bfalkenb/data/snn_checkpoints/bmi/indy/no_tau_syn_sweep/indy_20161024_03/medium_2x/final_model_bmi_iaf_hard.pth
indy_20160916_01,small_1x,50.44160461425781,best_loss,/users/bfalkenb/scratch/bfalkenb/data/snn_checkpoints/bmi/indy/no_tau_syn_sweep/indy_20160916_01/small_1x/final_model_bmi_iaf_hard.pth
indy_20161007_02,medium_3x,50.447120666503906,best_loss,/users/bfalkenb/scratch/bfalkenb/data/snn_checkpoints/bmi/indy/no_tau_syn_sweep/indy_20161007_02/medium_3x/checkpoint_bmi_iaf_hard_epoch50.pth
indy_20161007_02,base,50.447120666503906,best_loss,/users/bfalkenb/scratch/bfalkenb/data/snn_checkpoints/bmi/indy/no_tau_syn_sweep/indy_20161007_02/base/checkpoint_bmi_iaf_hard_epoch50.pth
indy_20161024_03,wide_2x,50.44770812988281,best_loss,/users/bfalkenb/scratch/bfalkenb/data/snn_checkpoints/bmi/indy/no_tau_syn_sweep/indy_20161024_03/wide_2x/checkpoint_bmi_iaf_hard_epoch30.pth
indy_20160927_04,deep_decay1,50.5214729309082,best_loss,/users/bfalkenb/scratch/bfalkenb/data/snn_checkpoints/bmi/indy/no_tau_syn_sweep/indy_20160927_04/deep_decay1/checkpoint_bmi_iaf_hard_epoch50.pth
indy_20161206_02,medium_thr125,50.543453216552734,best_loss,/users/bfalkenb/scratch/bfalkenb/data/snn_checkpoints/bmi/indy/no_tau_syn_sweep/indy_20161206_02/medium_thr125/checkpoint_bmi_iaf_hard_epoch50.pth
indy_20161007_02,medium_thr125,50.55712890625,best_loss,/users/bfalkenb/scratch/bfalkenb/data/snn_checkpoints/bmi/indy/no_tau_syn_sweep/indy_20161007_02/medium_thr125/final_model_bmi_iaf_hard.pth
indy_20161207_02,deep_4x,50.61479949951172,best_loss,/users/bfalkenb/scratch/bfalkenb/data/snn_checkpoints/bmi/indy/no_tau_syn_sweep/indy_20161207_02/deep_4x/checkpoint_bmi_iaf_hard_epoch50.pth
indy_20161007_02,base_decay3,50.615230560302734,best_loss,/users/bfalkenb/scratch/bfalkenb/data/snn_checkpoints/bmi/indy/no_tau_syn_sweep/indy_20161007_02/base_decay3/final_model_bmi_iaf_hard.pth
indy_20160630_01,deep_decay1,50.619529724121094,best_loss,/users/bfalkenb/scratch/bfalkenb/data/snn_checkpoints/bmi/indy/no_tau_syn_sweep/indy_20160630_01/deep_decay1/final_model_bmi_iaf_hard.pth
indy_20161024_03,base_thr150,50.625267028808594,best_loss,/users/bfalkenb/scratch/bfalkenb/data/snn_checkpoints/bmi/indy/no_tau_syn_sweep/indy_20161024_03/base_thr150/checkpoint_bmi_iaf_hard_epoch50.pth
indy_20170127_03,deep_thr125,50.671321868896484,best_loss,/users/bfalkenb/scratch/bfalkenb/data/snn_checkpoints/bmi/indy/no_tau_syn_sweep/indy_20170127_03/deep_thr125/final_model_bmi_iaf_hard.pth
indy_20161017_02,base_thr075,50.71175765991211,best_loss,/users/bfalkenb/scratch/bfalkenb/data/snn_checkpoints/bmi/indy/no_tau_syn_sweep/indy_20161017_02/base_thr075/checkpoint_bmi_iaf_hard_epoch40.pth
indy_20161007_02,wide_3x,50.73686218261719,best_loss,/users/bfalkenb/scratch/bfalkenb/data/snn_checkpoints/bmi/indy/no_tau_syn_sweep/indy_20161007_02/wide_3x/final_model_bmi_iaf_hard.pth
indy_20160930_02,base_thr125,50.77140426635742,best_loss,/users/bfalkenb/scratch/bfalkenb/data/snn_checkpoints/bmi/indy/no_tau_syn_sweep/indy_20160930_02/base_thr125/best_model_weights.pth
indy_20161206_02,base_thr125,50.820430755615234,best_loss,/users/bfalkenb/scratch/bfalkenb/data/snn_checkpoints/bmi/indy/no_tau_syn_sweep/indy_20161206_02/base_thr125/final_model_bmi_iaf_hard.pth
indy_20161212_02,base_thr200,50.83868408203125,best_loss,/users/bfalkenb/scratch/bfalkenb/data/snn_checkpoints/bmi/indy/no_tau_syn_sweep/indy_20161212_02/base_thr200/checkpoint_bmi_iaf_hard_epoch50.pth
indy_20161206_02,base_thr075,50.91950988769531,best_loss,/users/bfalkenb/scratch/bfalkenb/data/snn_checkpoints/bmi/indy/no_tau_syn_sweep/indy_20161206_02/base_thr075/final_model_bmi_iaf_hard.pth
indy_20161025_04,base_thr150,50.972476959228516,best_loss,/users/bfalkenb/scratch/bfalkenb/data/snn_checkpoints/bmi/indy/no_tau_syn_sweep/indy_20161025_04/base_thr150/best_model_weights.pth
indy_20170123_02,deep_thr125,50.976993560791016,best_loss,/users/bfalkenb/scratch/bfalkenb/data/snn_checkpoints/bmi/indy/no_tau_syn_sweep/indy_20170123_02/deep_thr125/final_model_bmi_iaf_hard.pth
indy_20160915_01,deep_4x,51.08980178833008,best_loss,/users/bfalkenb/scratch/bfalkenb/data/snn_checkpoints/bmi/indy/no_tau_syn_sweep/indy_20160915_01/deep_4x/final_model_bmi_iaf_hard.pth
indy_20160915_01,small_2x,51.09246063232422,best_loss,/users/bfalkenb/scratch/bfalkenb/data/snn_checkpoints/bmi/indy/no_tau_syn_sweep/indy_20160915_01/small_2x/best_model_weights.pth
indy_20161220_02,base_thr125,51.10929489135742,best_loss,/users/bfalkenb/scratch/bfalkenb/data/snn_checkpoints/bmi/indy/no_tau_syn_sweep/indy_20161220_02/base_thr125/checkpoint_bmi_iaf_hard_epoch50.pth
indy_20161017_02,base_decay1,51.264312744140625,best_loss,/users/bfalkenb/scratch/bfalkenb/data/snn_checkpoints/bmi/indy/no_tau_syn_sweep/indy_20161017_02/base_decay1/best_model_weights.pth
indy_20160927_06,wide_3x,51.286354064941406,best_loss,/users/bfalkenb/scratch/bfalkenb/data/snn_checkpoints/bmi/indy/no_tau_syn_sweep/indy_20160927_06/wide_3x/checkpoint_bmi_iaf_hard_epoch50.pth
indy_20161206_02,small_2x,51.32228088378906,best_loss,/users/bfalkenb/scratch/bfalkenb/data/snn_checkpoints/bmi/indy/no_tau_syn_sweep/indy_20161206_02/small_2x/checkpoint_bmi_iaf_hard_epoch50.pth
indy_20161220_02,base,51.36143112182617,best_loss,/users/bfalkenb/scratch/bfalkenb/data/snn_checkpoints/bmi/indy/no_tau_syn_sweep/indy_20161220_02/base/best_model_weights.pth
indy_20161220_02,medium_3x,51.36143112182617,best_loss,/users/bfalkenb/scratch/bfalkenb/data/snn_checkpoints/bmi/indy/no_tau_syn_sweep/indy_20161220_02/medium_3x/checkpoint_bmi_iaf_hard_epoch50.pth
indy_20160916_01,small_thr125,51.365211486816406,best_loss,/users/bfalkenb/scratch/bfalkenb/data/snn_checkpoints/bmi/indy/no_tau_syn_sweep/indy_20160916_01/small_thr125/best_model_weights.pth
indy_20160630_01,deep_4x,51.411773681640625,best_loss,/users/bfalkenb/scratch/bfalkenb/data/snn_checkpoints/bmi/indy/no_tau_syn_sweep/indy_20160630_01/deep_4x/final_model_bmi_iaf_hard.pth
indy_20161220_02,deep_4x,51.42897415161133,best_loss,/users/bfalkenb/scratch/bfalkenb/data/snn_checkpoints/bmi/indy/no_tau_syn_sweep/indy_20161220_02/deep_4x/best_model_weights.pth
indy_20161025_04,deep_decay1,51.48003005981445,best_loss,/users/bfalkenb/scratch/bfalkenb/data/snn_checkpoints/bmi/indy/no_tau_syn_sweep/indy_20161025_04/deep_decay1/best_model_weights.pth
indy_20160915_01,medium_2x,51.53731918334961,best_loss,/users/bfalkenb/scratch/bfalkenb/data/snn_checkpoints/bmi/indy/no_tau_syn_sweep/indy_20160915_01/medium_2x/best_model_weights.pth
indy_20160930_02,deep_4x,51.55269241333008,best_loss,/users/bfalkenb/scratch/bfalkenb/data/snn_checkpoints/bmi/indy/no_tau_syn_sweep/indy_20160930_02/deep_4x/best_model_weights.pth
indy_20161006_02,base_decay4,51.57228088378906,best_loss,/users/bfalkenb/scratch/bfalkenb/data/snn_checkpoints/bmi/indy/no_tau_syn_sweep/indy_20161006_02/base_decay4/checkpoint_bmi_iaf_hard_epoch50.pth
indy_20160916_01,deep_decay1,51.578216552734375,best_loss,/users/bfalkenb/scratch/bfalkenb/data/snn_checkpoints/bmi/indy/no_tau_syn_sweep/indy_20160916_01/deep_decay1/checkpoint_bmi_iaf_hard_epoch50.pth
indy_20161024_03,small_2x,51.5915412902832,best_loss,/users/bfalkenb/scratch/bfalkenb/data/snn_checkpoints/bmi/indy/no_tau_syn_sweep/indy_20161024_03/small_2x/final_model_bmi_iaf_hard.pth
indy_20161206_02,deep_4x,51.6031608581543,best_loss,/users/bfalkenb/scratch/bfalkenb/data/snn_checkpoints/bmi/indy/no_tau_syn_sweep/indy_20161206_02/deep_4x/final_model_bmi_iaf_hard.pth
indy_20161007_02,base_decay4,51.6147575378418,best_loss,/users/bfalkenb/scratch/bfalkenb/data/snn_checkpoints/bmi/indy/no_tau_syn_sweep/indy_20161007_02/base_decay4/best_model_weights.pth
indy_20160916_01,medium_decay1,51.61530685424805,best_loss,/users/bfalkenb/scratch/bfalkenb/data/snn_checkpoints/bmi/indy/no_tau_syn_sweep/indy_20160916_01/medium_decay1/best_model_weights.pth
indy_20161006_02,medium_3x,51.65608215332031,best_loss,/users/bfalkenb/scratch/bfalkenb/data/snn_checkpoints/bmi/indy/no_tau_syn_sweep/indy_20161006_02/medium_3x/final_model_bmi_iaf_hard.pth
indy_20161006_02,base,51.65608215332031,best_loss,/users/bfalkenb/scratch/bfalkenb/data/snn_checkpoints/bmi/indy/no_tau_syn_sweep/indy_20161006_02/base/checkpoint_bmi_iaf_hard_epoch50.pth
indy_20161220_02,base_thr075,51.71305847167969,best_loss,/users/bfalkenb/scratch/bfalkenb/data/snn_checkpoints/bmi/indy/no_tau_syn_sweep/indy_20161220_02/base_thr075/checkpoint_bmi_iaf_hard_epoch50.pth
indy_20161007_02,medium_2x,51.80131530761719,best_loss,/users/bfalkenb/scratch/bfalkenb/data/snn_checkpoints/bmi/indy/no_tau_syn_sweep/indy_20161007_02/medium_2x/final_model_bmi_iaf_hard.pth
indy_20161025_04,medium_decay1,51.81417465209961,best_loss,/users/bfalkenb/scratch/bfalkenb/data/snn_checkpoints/bmi/indy/no_tau_syn_sweep/indy_20161025_04/medium_decay1/checkpoint_bmi_iaf_hard_epoch50.pth
indy_20160630_01,base_thr125,51.82685470581055,best_loss,/users/bfalkenb/scratch/bfalkenb/data/snn_checkpoints/bmi/indy/no_tau_syn_sweep/indy_20160630_01/base_thr125/best_model_weights.pth
indy_20160916_01,deep_thr125,51.84235763549805,best_loss,/users/bfalkenb/scratch/bfalkenb/data/snn_checkpoints/bmi/indy/no_tau_syn_sweep/indy_20160916_01/deep_thr125/checkpoint_bmi_iaf_hard_epoch50.pth
indy_20160915_01,base_decay4,51.846099853515625,best_loss,/users/bfalkenb/scratch/bfalkenb/data/snn_checkpoints/bmi/indy/no_tau_syn_sweep/indy_20160915_01/base_decay4/checkpoint_bmi_iaf_hard_epoch40.pth
indy_20161026_03,small_decay1,51.8476676940918,best_loss,/users/bfalkenb/scratch/bfalkenb/data/snn_checkpoints/bmi/indy/no_tau_syn_sweep/indy_20161026_03/small_decay1/best_model_weights.pth
indy_20161207_02,deep_thr125,51.95073699951172,best_loss,/users/bfalkenb/scratch/bfalkenb/data/snn_checkpoints/bmi/indy/no_tau_syn_sweep/indy_20161207_02/deep_thr125/best_model_weights.pth
indy_20160915_01,wide_2x,51.96678161621094,best_loss,/users/bfalkenb/scratch/bfalkenb/data/snn_checkpoints/bmi/indy/no_tau_syn_sweep/indy_20160915_01/wide_2x/final_model_bmi_iaf_hard.pth
indy_20161220_02,small_thr125,52.030574798583984,best_loss,/users/bfalkenb/scratch/bfalkenb/data/snn_checkpoints/bmi/indy/no_tau_syn_sweep/indy_20161220_02/small_thr125/best_model_weights.pth
indy_20160915_01,medium_3x,52.045005798339844,best_loss,/users/bfalkenb/scratch/bfalkenb/data/snn_checkpoints/bmi/indy/no_tau_syn_sweep/indy_20160915_01/medium_3x/final_model_bmi_iaf_hard.pth
indy_20160915_01,base,52.045005798339844,best_loss,/users/bfalkenb/scratch/bfalkenb/data/snn_checkpoints/bmi/indy/no_tau_syn_sweep/indy_20160915_01/base/final_model_bmi_iaf_hard.pth
indy_20161024_03,base_decay1,52.061561584472656,best_loss,/users/bfalkenb/scratch/bfalkenb/data/snn_checkpoints/bmi/indy/no_tau_syn_sweep/indy_20161024_03/base_decay1/checkpoint_bmi_iaf_hard_epoch50.pth
indy_20161005_06,wide_2x,52.16293716430664,best_loss,/users/bfalkenb/scratch/bfalkenb/data/snn_checkpoints/bmi/indy/no_tau_syn_sweep/indy_20161005_06/wide_2x/final_model_bmi_iaf_hard.pth
indy_20160927_06,deep_4x,52.2033576965332,best_loss,/users/bfalkenb/scratch/bfalkenb/data/snn_checkpoints/bmi/indy/no_tau_syn_sweep/indy_20160927_06/deep_4x/final_model_bmi_iaf_hard.pth
indy_20161026_03,base_thr200,52.221649169921875,best_loss,/users/bfalkenb/scratch/bfalkenb/data/snn_checkpoints/bmi/indy/no_tau_syn_sweep/indy_20161026_03/base_thr200/best_model_weights.pth
indy_20161025_04,small_thr125,52.28272247314453,best_loss,/users/bfalkenb/scratch/bfalkenb/data/snn_checkpoints/bmi/indy/no_tau_syn_sweep/indy_20161025_04/small_thr125/checkpoint_bmi_iaf_hard_epoch50.pth
indy_20160927_06,medium_thr125,52.362640380859375,best_loss,/users/bfalkenb/scratch/bfalkenb/data/snn_checkpoints/bmi/indy/no_tau_syn_sweep/indy_20160927_06/medium_thr125/final_model_bmi_iaf_hard.pth
indy_20160930_02,base_thr150,52.395164489746094,best_loss,/users/bfalkenb/scratch/bfalkenb/data/snn_checkpoints/bmi/indy/no_tau_syn_sweep/indy_20160930_02/base_thr150/best_model_weights.pth
indy_20161024_03,deep_4x,52.42974090576172,best_loss,/users/bfalkenb/scratch/bfalkenb/data/snn_checkpoints/bmi/indy/no_tau_syn_sweep/indy_20161024_03/deep_4x/best_model_weights.pth
indy_20161025_04,base_decay1,52.46599197387695,best_loss,/users/bfalkenb/scratch/bfalkenb/data/snn_checkpoints/bmi/indy/no_tau_syn_sweep/indy_20161025_04/base_decay1/final_model_bmi_iaf_hard.pth
indy_20161220_02,deep_thr125,52.47993469238281,best_loss,/users/bfalkenb/scratch/bfalkenb/data/snn_checkpoints/bmi/indy/no_tau_syn_sweep/indy_20161220_02/deep_thr125/checkpoint_bmi_iaf_hard_epoch50.pth
indy_20160927_06,wide_2x,52.51041030883789,best_loss,/users/bfalkenb/scratch/bfalkenb/data/snn_checkpoints/bmi/indy/no_tau_syn_sweep/indy_20160927_06/wide_2x/checkpoint_bmi_iaf_hard_epoch50.pth
indy_20160930_02,small_thr125,52.51371383666992,best_loss,/users/bfalkenb/scratch/bfalkenb/data/snn_checkpoints/bmi/indy/no_tau_syn_sweep/indy_20160930_02/small_thr125/best_model_weights.pth
indy_20161220_02,small_1x,52.54533767700195,best_loss,/users/bfalkenb/scratch/bfalkenb/data/snn_checkpoints/bmi/indy/no_tau_syn_sweep/indy_20161220_02/small_1x/final_model_bmi_iaf_hard.pth
indy_20170127_03,small_decay1,52.54539108276367,best_loss,/users/bfalkenb/scratch/bfalkenb/data/snn_checkpoints/bmi/indy/no_tau_syn_sweep/indy_20170127_03/small_decay1/best_model_weights.pth
indy_20160927_06,medium_2x,52.54591369628906,best_loss,/users/bfalkenb/scratch/bfalkenb/data/snn_checkpoints/bmi/indy/no_tau_syn_sweep/indy_20160927_06/medium_2x/checkpoint_bmi_iaf_hard_epoch50.pth
indy_20161207_02,deep_decay1,52.62952423095703,best_loss,/users/bfalkenb/scratch/bfalkenb/data/snn_checkpoints/bmi/indy/no_tau_syn_sweep/indy_20161207_02/deep_decay1/final_model_bmi_iaf_hard.pth
indy_20160916_01,base_thr125,52.65620040893555,best_loss,/users/bfalkenb/scratch/bfalkenb/data/snn_checkpoints/bmi/indy/no_tau_syn_sweep/indy_20160916_01/base_thr125/final_model_bmi_iaf_hard.pth
indy_20160915_01,base_thr125,52.66073226928711,best_loss,/users/bfalkenb/scratch/bfalkenb/data/snn_checkpoints/bmi/indy/no_tau_syn_sweep/indy_20160915_01/base_thr125/checkpoint_bmi_iaf_hard_epoch40.pth
indy_20160927_06,base_decay3,52.67340850830078,best_loss,/users/bfalkenb/scratch/bfalkenb/data/snn_checkpoints/bmi/indy/no_tau_syn_sweep/indy_20160927_06/base_decay3/best_model_weights.pth
indy_20161025_04,small_1x,52.7029914855957,best_loss,/users/bfalkenb/scratch/bfalkenb/data/snn_checkpoints/bmi/indy/no_tau_syn_sweep/indy_20161025_04/small_1x/checkpoint_bmi_iaf_hard_epoch50.pth
indy_20161017_02,small_thr125,52.725833892822266,best_loss,/users/bfalkenb/scratch/bfalkenb/data/snn_checkpoints/bmi/indy/no_tau_syn_sweep/indy_20161017_02/small_thr125/best_model_weights.pth
indy_20160930_02,base_decay1,52.7357292175293,best_loss,/users/bfalkenb/scratch/bfalkenb/data/snn_checkpoints/bmi/indy/no_tau_syn_sweep/indy_20160930_02/base_decay1/checkpoint_bmi_iaf_hard_epoch50.pth
indy_20161017_02,medium_decay1,52.747642517089844,best_loss,/users/bfalkenb/scratch/bfalkenb/data/snn_checkpoints/bmi/indy/no_tau_syn_sweep/indy_20161017_02/medium_decay1/checkpoint_bmi_iaf_hard_epoch50.pth
indy_20161017_02,small_1x,52.766502380371094,best_loss,/users/bfalkenb/scratch/bfalkenb/data/snn_checkpoints/bmi/indy/no_tau_syn_sweep/indy_20161017_02/small_1x/final_model_bmi_iaf_hard.pth
indy_20161024_03,deep_thr125,52.79462432861328,best_loss,/users/bfalkenb/scratch/bfalkenb/data/snn_checkpoints/bmi/indy/no_tau_syn_sweep/indy_20161024_03/deep_thr125/checkpoint_bmi_iaf_hard_epoch50.pth
indy_20160915_01,deep_thr125,52.811180114746094,best_loss,/users/bfalkenb/scratch/bfalkenb/data/snn_checkpoints/bmi/indy/no_tau_syn_sweep/indy_20160915_01/deep_thr125/best_model_weights.pth
indy_20160916_01,base_decay1,52.85649108886719,best_loss,/users/bfalkenb/scratch/bfalkenb/data/snn_checkpoints/bmi/indy/no_tau_syn_sweep/indy_20160916_01/base_decay1/checkpoint_bmi_iaf_hard_epoch50.pth
indy_20161005_06,medium_2x,52.890506744384766,best_loss,/users/bfalkenb/scratch/bfalkenb/data/snn_checkpoints/bmi/indy/no_tau_syn_sweep/indy_20161005_06/medium_2x/checkpoint_bmi_iaf_hard_epoch50.pth
indy_20161220_02,base_thr150,52.940704345703125,best_loss,/users/bfalkenb/scratch/bfalkenb/data/snn_checkpoints/bmi/indy/no_tau_syn_sweep/indy_20161220_02/base_thr150/checkpoint_bmi_iaf_hard_epoch50.pth
indy_20161017_02,deep_decay1,53.00625228881836,best_loss,/users/bfalkenb/scratch/bfalkenb/data/snn_checkpoints/bmi/indy/no_tau_syn_sweep/indy_20161017_02/deep_decay1/final_model_bmi_iaf_hard.pth
indy_20161206_02,small_1x,53.03553771972656,best_loss,/users/bfalkenb/scratch/bfalkenb/data/snn_checkpoints/bmi/indy/no_tau_syn_sweep/indy_20161206_02/small_1x/checkpoint_bmi_iaf_hard_epoch50.pth
indy_20160930_02,small_1x,53.044151306152344,best_loss,/users/bfalkenb/scratch/bfalkenb/data/snn_checkpoints/bmi/indy/no_tau_syn_sweep/indy_20160930_02/small_1x/final_model_bmi_iaf_hard.pth
indy_20160930_02,deep_decay1,53.05049514770508,best_loss,/users/bfalkenb/scratch/bfalkenb/data/snn_checkpoints/bmi/indy/no_tau_syn_sweep/indy_20160930_02/deep_decay1/best_model_weights.pth
indy_20161017_02,base_thr200,53.085147857666016,best_loss,/users/bfalkenb/scratch/bfalkenb/data/snn_checkpoints/bmi/indy/no_tau_syn_sweep/indy_20161017_02/base_thr200/best_model_weights.pth
indy_20161007_02,deep_thr125,53.18428039550781,best_loss,/users/bfalkenb/scratch/bfalkenb/data/snn_checkpoints/bmi/indy/no_tau_syn_sweep/indy_20161007_02/deep_thr125/best_model_weights.pth
indy_20160630_01,base_thr150,53.1891975402832,best_loss,/users/bfalkenb/scratch/bfalkenb/data/snn_checkpoints/bmi/indy/no_tau_syn_sweep/indy_20160630_01/base_thr150/checkpoint_bmi_iaf_hard_epoch50.pth
indy_20161024_03,small_thr125,53.19236373901367,best_loss,/users/bfalkenb/scratch/bfalkenb/data/snn_checkpoints/bmi/indy/no_tau_syn_sweep/indy_20161024_03/small_thr125/final_model_bmi_iaf_hard.pth
indy_20161007_02,base_thr075,53.19466781616211,best_loss,/users/bfalkenb/scratch/bfalkenb/data/snn_checkpoints/bmi/indy/no_tau_syn_sweep/indy_20161007_02/base_thr075/best_model_weights.pth
indy_20161007_02,base_thr125,53.20875549316406,best_loss,/users/bfalkenb/scratch/bfalkenb/data/snn_checkpoints/bmi/indy/no_tau_syn_sweep/indy_20161007_02/base_thr125/checkpoint_bmi_iaf_hard_epoch50.pth
indy_20170123_02,base_thr200,53.31941604614258,best_loss,/users/bfalkenb/scratch/bfalkenb/data/snn_checkpoints/bmi/indy/no_tau_syn_sweep/indy_20170123_02/base_thr200/best_model_weights.pth
indy_20160915_01,base_decay1,53.37118148803711,best_loss,/users/bfalkenb/scratch/bfalkenb/data/snn_checkpoints/bmi/indy/no_tau_syn_sweep/indy_20160915_01/base_decay1/final_model_bmi_iaf_hard.pth
indy_20160927_06,base_decay4,53.586875915527344,best_loss,/users/bfalkenb/scratch/bfalkenb/data/snn_checkpoints/bmi/indy/no_tau_syn_sweep/indy_20160927_06/base_decay4/checkpoint_bmi_iaf_hard_epoch50.pth
indy_20160927_04,base_decay1,53.67728042602539,best_loss,/users/bfalkenb/scratch/bfalkenb/data/snn_checkpoints/bmi/indy/no_tau_syn_sweep/indy_20160927_04/base_decay1/final_model_bmi_iaf_hard.pth
indy_20161206_02,deep_thr125,53.67803192138672,best_loss,/users/bfalkenb/scratch/bfalkenb/data/snn_checkpoints/bmi/indy/no_tau_syn_sweep/indy_20161206_02/deep_thr125/best_model_weights.pth
indy_20161024_03,deep_decay1,53.73528289794922,best_loss,/users/bfalkenb/scratch/bfalkenb/data/snn_checkpoints/bmi/indy/no_tau_syn_sweep/indy_20161024_03/deep_decay1/best_model_weights.pth
indy_20160916_01,base_thr150,53.74705505371094,best_loss,/users/bfalkenb/scratch/bfalkenb/data/snn_checkpoints/bmi/indy/no_tau_syn_sweep/indy_20160916_01/base_thr150/best_model_weights.pth
indy_20161206_02,small_thr125,53.74809646606445,best_loss,/users/bfalkenb/scratch/bfalkenb/data/snn_checkpoints/bmi/indy/no_tau_syn_sweep/indy_20161206_02/small_thr125/checkpoint_bmi_iaf_hard_epoch50.pth
indy_20160915_01,deep_decay1,53.80531311035156,best_loss,/users/bfalkenb/scratch/bfalkenb/data/snn_checkpoints/bmi/indy/no_tau_syn_sweep/indy_20160915_01/deep_decay1/checkpoint_bmi_iaf_hard_epoch50.pth
indy_20160927_04,small_1x,53.81682205200195,best_loss,/users/bfalkenb/scratch/bfalkenb/data/snn_checkpoints/bmi/indy/no_tau_syn_sweep/indy_20160927_04/small_1x/final_model_bmi_iaf_hard.pth
indy_20161206_02,deep_decay1,53.89263916015625,best_loss,/users/bfalkenb/scratch/bfalkenb/data/snn_checkpoints/bmi/indy/no_tau_syn_sweep/indy_20161206_02/deep_decay1/checkpoint_bmi_iaf_hard_epoch50.pth
indy_20161006_02,deep_decay1,54.095680236816406,best_loss,/users/bfalkenb/scratch/bfalkenb/data/snn_checkpoints/bmi/indy/no_tau_syn_sweep/indy_20161006_02/deep_decay1/best_model_weights.pth
indy_20160915_01,base_thr150,54.169559478759766,best_loss,/users/bfalkenb/scratch/bfalkenb/data/snn_checkpoints/bmi/indy/no_tau_syn_sweep/indy_20160915_01/base_thr150/final_model_bmi_iaf_hard.pth
indy_20161220_02,deep_decay1,54.214073181152344,best_loss,/users/bfalkenb/scratch/bfalkenb/data/snn_checkpoints/bmi/indy/no_tau_syn_sweep/indy_20161220_02/deep_decay1/final_model_bmi_iaf_hard.pth
indy_20160921_01,wide_3x,54.27341079711914,best_loss,/users/bfalkenb/scratch/bfalkenb/data/snn_checkpoints/bmi/indy/no_tau_syn_sweep/indy_20160921_01/wide_3x/final_model_bmi_iaf_hard.pth
indy_20161220_02,medium_decay1,54.3022346496582,best_loss,/users/bfalkenb/scratch/bfalkenb/data/snn_checkpoints/bmi/indy/no_tau_syn_sweep/indy_20161220_02/medium_decay1/final_model_bmi_iaf_hard.pth
indy_20160927_04,medium_decay1,54.370033264160156,best_loss,/users/bfalkenb/scratch/bfalkenb/data/snn_checkpoints/bmi/indy/no_tau_syn_sweep/indy_20160927_04/medium_decay1/checkpoint_bmi_iaf_hard_epoch50.pth
indy_20160927_04,small_thr125,54.48981857299805,best_loss,/users/bfalkenb/scratch/bfalkenb/data/snn_checkpoints/bmi/indy/no_tau_syn_sweep/indy_20160927_04/small_thr125/best_model_weights.pth
indy_20161007_02,small_2x,54.51485824584961,best_loss,/users/bfalkenb/scratch/bfalkenb/data/snn_checkpoints/bmi/indy/no_tau_syn_sweep/indy_20161007_02/small_2x/best_model_weights.pth
indy_20161024_03,small_1x,54.524871826171875,best_loss,/users/bfalkenb/scratch/bfalkenb/data/snn_checkpoints/bmi/indy/no_tau_syn_sweep/indy_20161024_03/small_1x/best_model_weights.pth
indy_20161005_06,medium_thr125,54.53074264526367,best_loss,/users/bfalkenb/scratch/bfalkenb/data/snn_checkpoints/bmi/indy/no_tau_syn_sweep/indy_20161005_06/medium_thr125/best_model_weights.pth
indy_20160927_06,base,54.54920196533203,best_loss,/users/bfalkenb/scratch/bfalkenb/data/snn_checkpoints/bmi/indy/no_tau_syn_sweep/indy_20160927_06/base/final_model_bmi_iaf_hard.pth
indy_20160927_06,medium_3x,54.54920196533203,best_loss,/users/bfalkenb/scratch/bfalkenb/data/snn_checkpoints/bmi/indy/no_tau_syn_sweep/indy_20160927_06/medium_3x/best_model_weights.pth
indy_20170123_02,small_decay1,54.611392974853516,best_loss,/users/bfalkenb/scratch/bfalkenb/data/snn_checkpoints/bmi/indy/no_tau_syn_sweep/indy_20170123_02/small_decay1/checkpoint_bmi_iaf_hard_epoch50.pth
indy_20161206_02,base_thr150,54.63115310668945,best_loss,/users/bfalkenb/scratch/bfalkenb/data/snn_checkpoints/bmi/indy/no_tau_syn_sweep/indy_20161206_02/base_thr150/best_model_weights.pth
indy_20161006_02,deep_thr125,54.654911041259766,best_loss,/users/bfalkenb/scratch/bfalkenb/data/snn_checkpoints/bmi/indy/no_tau_syn_sweep/indy_20161006_02/deep_thr125/checkpoint_bmi_iaf_hard_epoch50.pth
indy_20160921_01,deep_4x,54.773780822753906,best_loss,/users/bfalkenb/scratch/bfalkenb/data/snn_checkpoints/bmi/indy/no_tau_syn_sweep/indy_20160921_01/deep_4x/final_model_bmi_iaf_hard.pth
indy_20160930_02,medium_decay1,54.837318420410156,best_loss,/users/bfalkenb/scratch/bfalkenb/data/snn_checkpoints/bmi/indy/no_tau_syn_sweep/indy_20160930_02/medium_decay1/best_model_weights.pth
indy_20161024_03,medium_decay1,54.9272346496582,best_loss,/users/bfalkenb/scratch/bfalkenb/data/snn_checkpoints/bmi/indy/no_tau_syn_sweep/indy_20161024_03/medium_decay1/final_model_bmi_iaf_hard.pth
indy_20161005_06,base_decay3,54.928985595703125,best_loss,/users/bfalkenb/scratch/bfalkenb/data/snn_checkpoints/bmi/indy/no_tau_syn_sweep/indy_20161005_06/base_decay3/checkpoint_bmi_iaf_hard_epoch50.pth
indy_20161007_02,deep_decay1,54.96746063232422,best_loss,/users/bfalkenb/scratch/bfalkenb/data/snn_checkpoints/bmi/indy/no_tau_syn_sweep/indy_20161007_02/deep_decay1/final_model_bmi_iaf_hard.pth
indy_20161206_02,medium_decay1,55.00770568847656,best_loss,/users/bfalkenb/scratch/bfalkenb/data/snn_checkpoints/bmi/indy/no_tau_syn_sweep/indy_20161206_02/medium_decay1/best_model_weights.pth
indy_20161005_06,base_thr075,55.07145309448242,best_loss,/users/bfalkenb/scratch/bfalkenb/data/snn_checkpoints/bmi/indy/no_tau_syn_sweep/indy_20161005_06/base_thr075/best_model_weights.pth
indy_20160927_06,base_thr075,55.29251480102539,best_loss,/users/bfalkenb/scratch/bfalkenb/data/snn_checkpoints/bmi/indy/no_tau_syn_sweep/indy_20160927_06/base_thr075/checkpoint_bmi_iaf_hard_epoch50.pth
indy_20160921_01,medium_3x,55.29281234741211,best_loss,/users/bfalkenb/scratch/bfalkenb/data/snn_checkpoints/bmi/indy/no_tau_syn_sweep/indy_20160921_01/medium_3x/best_model_weights.pth
indy_20160921_01,base,55.29281234741211,best_loss,/users/bfalkenb/scratch/bfalkenb/data/snn_checkpoints/bmi/indy/no_tau_syn_sweep/indy_20160921_01/base/final_model_bmi_iaf_hard.pth
indy_20161207_02,small_decay1,55.34544372558594,best_loss,/users/bfalkenb/scratch/bfalkenb/data/snn_checkpoints/bmi/indy/no_tau_syn_sweep/indy_20161207_02/small_decay1/final_model_bmi_iaf_hard.pth
indy_20161006_02,small_1x,55.37712478637695,best_loss,/users/bfalkenb/scratch/bfalkenb/data/snn_checkpoints/bmi/indy/no_tau_syn_sweep/indy_20161006_02/small_1x/final_model_bmi_iaf_hard.pth
indy_20160927_06,small_2x,55.42062759399414,best_loss,/users/bfalkenb/scratch/bfalkenb/data/snn_checkpoints/bmi/indy/no_tau_syn_sweep/indy_20160927_06/small_2x/final_model_bmi_iaf_hard.pth
indy_20160915_01,small_1x,55.525390625,best_loss,/users/bfalkenb/scratch/bfalkenb/data/snn_checkpoints/bmi/indy/no_tau_syn_sweep/indy_20160915_01/small_1x/checkpoint_bmi_iaf_hard_epoch50.pth
indy_20160915_01,small_thr125,55.57159423828125,best_loss,/users/bfalkenb/scratch/bfalkenb/data/snn_checkpoints/bmi/indy/no_tau_syn_sweep/indy_20160915_01/small_thr125/final_model_bmi_iaf_hard.pth
indy_20160921_01,medium_thr125,55.72345733642578,best_loss,/users/bfalkenb/scratch/bfalkenb/data/snn_checkpoints/bmi/indy/no_tau_syn_sweep/indy_20160921_01/medium_thr125/final_model_bmi_iaf_hard.pth
indy_20161220_02,base_decay1,55.737831115722656,best_loss,/users/bfalkenb/scratch/bfalkenb/data/snn_checkpoints/bmi/indy/no_tau_syn_sweep/indy_20161220_02/base_decay1/best_model_weights.pth
indy_20160915_01,medium_decay1,55.769412994384766,best_loss,/users/bfalkenb/scratch/bfalkenb/data/snn_checkpoints/bmi/indy/no_tau_syn_sweep/indy_20160915_01/medium_decay1/final_model_bmi_iaf_hard.pth
indy_20160630_01,deep_thr125,55.78921127319336,best_loss,/users/bfalkenb/scratch/bfalkenb/data/snn_checkpoints/bmi/indy/no_tau_syn_sweep/indy_20160630_01/deep_thr125/best_model_weights.pth
indy_20160921_01,base_decay3,55.798118591308594,best_loss,/users/bfalkenb/scratch/bfalkenb/data/snn_checkpoints/bmi/indy/no_tau_syn_sweep/indy_20160921_01/base_decay3/checkpoint_bmi_iaf_hard_epoch50.pth
indy_20161005_06,wide_3x,55.86958312988281,best_loss,/users/bfalkenb/scratch/bfalkenb/data/snn_checkpoints/bmi/indy/no_tau_syn_sweep/indy_20161005_06/wide_3x/final_model_bmi_iaf_hard.pth
indy_20160921_01,medium_2x,55.87563705444336,best_loss,/users/bfalkenb/scratch/bfalkenb/data/snn_checkpoints/bmi/indy/no_tau_syn_sweep/indy_20160921_01/medium_2x/final_model_bmi_iaf_hard.pth
indy_20161206_02,base_decay1,55.89651107788086,best_loss,/users/bfalkenb/scratch/bfalkenb/data/snn_checkpoints/bmi/indy/no_tau_syn_sweep/indy_20161206_02/base_decay1/checkpoint_bmi_iaf_hard_epoch50.pth
indy_20161005_06,base_thr125,55.99638366699219,best_loss,/users/bfalkenb/scratch/bfalkenb/data/snn_checkpoints/bmi/indy/no_tau_syn_sweep/indy_20161005_06/base_thr125/checkpoint_bmi_iaf_hard_epoch50.pth
indy_20161005_06,deep_4x,56.062583923339844,best_loss,/users/bfalkenb/scratch/bfalkenb/data/snn_checkpoints/bmi/indy/no_tau_syn_sweep/indy_20161005_06/deep_4x/best_model_weights.pth
indy_20161006_02,small_thr125,56.1438102722168,best_loss,/users/bfalkenb/scratch/bfalkenb/data/snn_checkpoints/bmi/indy/no_tau_syn_sweep/indy_20161006_02/small_thr125/best_model_weights.pth
indy_20160927_06,deep_thr125,56.180633544921875,best_loss,/users/bfalkenb/scratch/bfalkenb/data/snn_checkpoints/bmi/indy/no_tau_syn_sweep/indy_20160927_06/deep_thr125/best_model_weights.pth
indy_20161005_06,base_decay4,56.27945327758789,best_loss,/users/bfalkenb/scratch/bfalkenb/data/snn_checkpoints/bmi/indy/no_tau_syn_sweep/indy_20161005_06/base_decay4/best_model_weights.pth
indy_20160630_01,base_thr200,56.311065673828125,best_loss,/users/bfalkenb/scratch/bfalkenb/data/snn_checkpoints/bmi/indy/no_tau_syn_sweep/indy_20160630_01/base_thr200/best_model_weights.pth
indy_20160930_02,deep_thr125,56.388492584228516,best_loss,/users/bfalkenb/scratch/bfalkenb/data/snn_checkpoints/bmi/indy/no_tau_syn_sweep/indy_20160930_02/deep_thr125/final_model_bmi_iaf_hard.pth
indy_20160921_01,wide_2x,56.475196838378906,best_loss,/users/bfalkenb/scratch/bfalkenb/data/snn_checkpoints/bmi/indy/no_tau_syn_sweep/indy_20160921_01/wide_2x/final_model_bmi_iaf_hard.pth
indy_20161005_06,medium_3x,56.73939514160156,best_loss,/users/bfalkenb/scratch/bfalkenb/data/snn_checkpoints/bmi/indy/no_tau_syn_sweep/indy_20161005_06/medium_3x/best_model_weights.pth
indy_20161005_06,base,56.73939514160156,best_loss,/users/bfalkenb/scratch/bfalkenb/data/snn_checkpoints/bmi/indy/no_tau_syn_sweep/indy_20161005_06/base/final_model_bmi_iaf_hard.pth
indy_20160927_06,small_thr125,56.79178237915039,best_loss,/users/bfalkenb/scratch/bfalkenb/data/snn_checkpoints/bmi/indy/no_tau_syn_sweep/indy_20160927_06/small_thr125/final_model_bmi_iaf_hard.pth
indy_20161025_04,small_decay1,56.838722229003906,best_loss,/users/bfalkenb/scratch/bfalkenb/data/snn_checkpoints/bmi/indy/no_tau_syn_sweep/indy_20161025_04/small_decay1/best_model_weights.pth
indy_20161006_02,base_thr125,56.97186279296875,best_loss,/users/bfalkenb/scratch/bfalkenb/data/snn_checkpoints/bmi/indy/no_tau_syn_sweep/indy_20161006_02/base_thr125/best_model_weights.pth
indy_20160921_01,small_2x,57.019744873046875,best_loss,/users/bfalkenb/scratch/bfalkenb/data/snn_checkpoints/bmi/indy/no_tau_syn_sweep/indy_20160921_01/small_2x/checkpoint_bmi_iaf_hard_epoch50.pth
indy_20160927_06,small_1x,57.05963897705078,best_loss,/users/bfalkenb/scratch/bfalkenb/data/snn_checkpoints/bmi/indy/no_tau_syn_sweep/indy_20160927_06/small_1x/checkpoint_bmi_iaf_hard_epoch50.pth
indy_20161006_02,medium_decay1,57.08042907714844,best_loss,/users/bfalkenb/scratch/bfalkenb/data/snn_checkpoints/bmi/indy/no_tau_syn_sweep/indy_20161006_02/medium_decay1/best_model_weights.pth
indy_20161025_04,base_thr200,57.18439483642578,best_loss,/users/bfalkenb/scratch/bfalkenb/data/snn_checkpoints/bmi/indy/no_tau_syn_sweep/indy_20161025_04/base_thr200/final_model_bmi_iaf_hard.pth
indy_20161207_02,base_thr200,57.238407135009766,best_loss,/users/bfalkenb/scratch/bfalkenb/data/snn_checkpoints/bmi/indy/no_tau_syn_sweep/indy_20161207_02/base_thr200/checkpoint_bmi_iaf_hard_epoch50.pth
indy_20160927_04,base_thr150,57.36125564575195,best_loss,/users/bfalkenb/scratch/bfalkenb/data/snn_checkpoints/bmi/indy/no_tau_syn_sweep/indy_20160927_04/base_thr150/final_model_bmi_iaf_hard.pth
indy_20160927_06,base_thr125,57.381980895996094,best_loss,/users/bfalkenb/scratch/bfalkenb/data/snn_checkpoints/bmi/indy/no_tau_syn_sweep/indy_20160927_06/base_thr125/best_model_weights.pth
indy_20160916_01,small_decay1,57.5701789855957,best_loss,/users/bfalkenb/scratch/bfalkenb/data/snn_checkpoints/bmi/indy/no_tau_syn_sweep/indy_20160916_01/small_decay1/checkpoint_bmi_iaf_hard_epoch50.pth
indy_20161011_03,base_thr200,57.632972717285156,best_loss,/users/bfalkenb/scratch/bfalkenb/data/snn_checkpoints/bmi/indy/no_tau_syn_sweep/indy_20161011_03/base_thr200/best_model_weights.pth
indy_20160930_02,small_decay1,57.645851135253906,best_loss,/users/bfalkenb/scratch/bfalkenb/data/snn_checkpoints/bmi/indy/no_tau_syn_sweep/indy_20160930_02/small_decay1/checkpoint_bmi_iaf_hard_epoch50.pth
indy_20161007_02,small_1x,57.6924934387207,best_loss,/users/bfalkenb/scratch/bfalkenb/data/snn_checkpoints/bmi/indy/no_tau_syn_sweep/indy_20161007_02/small_1x/best_model_weights.pth
indy_20161017_02,small_decay1,57.69622802734375,best_loss,/users/bfalkenb/scratch/bfalkenb/data/snn_checkpoints/bmi/indy/no_tau_syn_sweep/indy_20161017_02/small_decay1/best_model_weights.pth
indy_20161220_02,small_decay1,57.906394958496094,best_loss,/users/bfalkenb/scratch/bfalkenb/data/snn_checkpoints/bmi/indy/no_tau_syn_sweep/indy_20161220_02/small_decay1/checkpoint_bmi_iaf_hard_epoch50.pth
indy_20161006_02,base_decay1,57.96000671386719,best_loss,/users/bfalkenb/scratch/bfalkenb/data/snn_checkpoints/bmi/indy/no_tau_syn_sweep/indy_20161006_02/base_decay1/best_model_weights.pth
indy_20161005_06,small_2x,58.28064727783203,best_loss,/users/bfalkenb/scratch/bfalkenb/data/snn_checkpoints/bmi/indy/no_tau_syn_sweep/indy_20161005_06/small_2x/checkpoint_bmi_iaf_hard_epoch50.pth
indy_20161007_02,base_decay1,58.35006332397461,best_loss,/users/bfalkenb/scratch/bfalkenb/data/snn_checkpoints/bmi/indy/no_tau_syn_sweep/indy_20161007_02/base_decay1/best_model_weights.pth
indy_20160927_06,base_thr150,58.527706146240234,best_loss,/users/bfalkenb/scratch/bfalkenb/data/snn_checkpoints/bmi/indy/no_tau_syn_sweep/indy_20160927_06/base_thr150/best_model_weights.pth
indy_20161007_02,small_thr125,58.529991149902344,best_loss,/users/bfalkenb/scratch/bfalkenb/data/snn_checkpoints/bmi/indy/no_tau_syn_sweep/indy_20161007_02/small_thr125/checkpoint_bmi_iaf_hard_epoch50.pth
indy_20160927_06,deep_decay1,58.760765075683594,best_loss,/users/bfalkenb/scratch/bfalkenb/data/snn_checkpoints/bmi/indy/no_tau_syn_sweep/indy_20160927_06/deep_decay1/best_model_weights.pth
indy_20160915_01,small_decay1,59.07988357543945,best_loss,/users/bfalkenb/scratch/bfalkenb/data/snn_checkpoints/bmi/indy/no_tau_syn_sweep/indy_20160915_01/small_decay1/checkpoint_bmi_iaf_hard_epoch50.pth
indy_20161220_02,base_thr200,59.21276092529297,best_loss,/users/bfalkenb/scratch/bfalkenb/data/snn_checkpoints/bmi/indy/no_tau_syn_sweep/indy_20161220_02/base_thr200/checkpoint_bmi_iaf_hard_epoch50.pth
indy_20160921_01,small_thr125,59.22064971923828,best_loss,/users/bfalkenb/scratch/bfalkenb/data/snn_checkpoints/bmi/indy/no_tau_syn_sweep/indy_20160921_01/small_thr125/best_model_weights.pth
indy_20160921_01,base_decay4,59.64829635620117,best_loss,/users/bfalkenb/scratch/bfalkenb/data/snn_checkpoints/bmi/indy/no_tau_syn_sweep/indy_20160921_01/base_decay4/checkpoint_bmi_iaf_hard_epoch30.pth
indy_20160921_01,small_1x,59.66532516479492,best_loss,/users/bfalkenb/scratch/bfalkenb/data/snn_checkpoints/bmi/indy/no_tau_syn_sweep/indy_20160921_01/small_1x/checkpoint_bmi_iaf_hard_epoch50.pth
indy_20161007_02,medium_decay1,59.72633361816406,best_loss,/users/bfalkenb/scratch/bfalkenb/data/snn_checkpoints/bmi/indy/no_tau_syn_sweep/indy_20161007_02/medium_decay1/best_model_weights.pth
indy_20160921_01,base_thr075,59.861961364746094,best_loss,/users/bfalkenb/scratch/bfalkenb/data/snn_checkpoints/bmi/indy/no_tau_syn_sweep/indy_20160921_01/base_thr075/checkpoint_bmi_iaf_hard_epoch30.pth
indy_20160927_06,medium_decay1,59.98115539550781,best_loss,/users/bfalkenb/scratch/bfalkenb/data/snn_checkpoints/bmi/indy/no_tau_syn_sweep/indy_20160927_06/medium_decay1/checkpoint_bmi_iaf_hard_epoch50.pth
indy_20161005_06,base_thr150,60.1465950012207,best_loss,/users/bfalkenb/scratch/bfalkenb/data/snn_checkpoints/bmi/indy/no_tau_syn_sweep/indy_20161005_06/base_thr150/best_model_weights.pth
indy_20160921_01,deep_decay1,60.14945602416992,best_loss,/users/bfalkenb/scratch/bfalkenb/data/snn_checkpoints/bmi/indy/no_tau_syn_sweep/indy_20160921_01/deep_decay1/final_model_bmi_iaf_hard.pth
indy_20160927_06,base_decay1,60.17338943481445,best_loss,/users/bfalkenb/scratch/bfalkenb/data/snn_checkpoints/bmi/indy/no_tau_syn_sweep/indy_20160927_06/base_decay1/checkpoint_bmi_iaf_hard_epoch50.pth
indy_20161005_06,medium_decay1,60.18158721923828,best_loss,/users/bfalkenb/scratch/bfalkenb/data/snn_checkpoints/bmi/indy/no_tau_syn_sweep/indy_20161005_06/medium_decay1/final_model_bmi_iaf_hard.pth
indy_20160921_01,base_thr125,60.224021911621094,best_loss,/users/bfalkenb/scratch/bfalkenb/data/snn_checkpoints/bmi/indy/no_tau_syn_sweep/indy_20160921_01/base_thr125/checkpoint_bmi_iaf_hard_epoch50.pth
indy_20161006_02,base_thr150,60.23789596557617,best_loss,/users/bfalkenb/scratch/bfalkenb/data/snn_checkpoints/bmi/indy/no_tau_syn_sweep/indy_20161006_02/base_thr150/checkpoint_bmi_iaf_hard_epoch50.pth
indy_20161005_06,small_thr125,60.25440979003906,best_loss,/users/bfalkenb/scratch/bfalkenb/data/snn_checkpoints/bmi/indy/no_tau_syn_sweep/indy_20161005_06/small_thr125/best_model_weights.pth
indy_20161024_03,small_decay1,60.268924713134766,best_loss,/users/bfalkenb/scratch/bfalkenb/data/snn_checkpoints/bmi/indy/no_tau_syn_sweep/indy_20161024_03/small_decay1/final_model_bmi_iaf_hard.pth
indy_20161005_06,deep_thr125,60.332977294921875,best_loss,/users/bfalkenb/scratch/bfalkenb/data/snn_checkpoints/bmi/indy/no_tau_syn_sweep/indy_20161005_06/deep_thr125/final_model_bmi_iaf_hard.pth
indy_20161005_06,small_1x,60.4316291809082,best_loss,/users/bfalkenb/scratch/bfalkenb/data/snn_checkpoints/bmi/indy/no_tau_syn_sweep/indy_20161005_06/small_1x/final_model_bmi_iaf_hard.pth
indy_20161005_06,deep_decay1,60.530757904052734,best_loss,/users/bfalkenb/scratch/bfalkenb/data/snn_checkpoints/bmi/indy/no_tau_syn_sweep/indy_20161005_06/deep_decay1/final_model_bmi_iaf_hard.pth
indy_20161007_02,base_thr150,60.61424255371094,best_loss,/users/bfalkenb/scratch/bfalkenb/data/snn_checkpoints/bmi/indy/no_tau_syn_sweep/indy_20161007_02/base_thr150/final_model_bmi_iaf_hard.pth
indy_20161206_02,base_thr200,60.76741409301758,best_loss,/users/bfalkenb/scratch/bfalkenb/data/snn_checkpoints/bmi/indy/no_tau_syn_sweep/indy_20161206_02/base_thr200/best_model_weights.pth
indy_20161005_06,base_decay1,60.83464431762695,best_loss,/users/bfalkenb/scratch/bfalkenb/data/snn_checkpoints/bmi/indy/no_tau_syn_sweep/indy_20161005_06/base_decay1/final_model_bmi_iaf_hard.pth
indy_20160921_01,base_decay1,60.954559326171875,best_loss,/users/bfalkenb/scratch/bfalkenb/data/snn_checkpoints/bmi/indy/no_tau_syn_sweep/indy_20160921_01/base_decay1/checkpoint_bmi_iaf_hard_epoch50.pth
indy_20161206_02,small_decay1,60.956214904785156,best_loss,/users/bfalkenb/scratch/bfalkenb/data/snn_checkpoints/bmi/indy/no_tau_syn_sweep/indy_20161206_02/small_decay1/checkpoint_bmi_iaf_hard_epoch50.pth
indy_20160921_01,medium_decay1,61.050296783447266,best_loss,/users/bfalkenb/scratch/bfalkenb/data/snn_checkpoints/bmi/indy/no_tau_syn_sweep/indy_20160921_01/medium_decay1/checkpoint_bmi_iaf_hard_epoch50.pth
indy_20160927_04,small_decay1,61.06231689453125,best_loss,/users/bfalkenb/scratch/bfalkenb/data/snn_checkpoints/bmi/indy/no_tau_syn_sweep/indy_20160927_04/small_decay1/checkpoint_bmi_iaf_hard_epoch50.pth
indy_20160916_01,base_thr200,61.63936996459961,best_loss,/users/bfalkenb/scratch/bfalkenb/data/snn_checkpoints/bmi/indy/no_tau_syn_sweep/indy_20160916_01/base_thr200/final_model_bmi_iaf_hard.pth
indy_20161024_03,base_thr200,63.551055908203125,best_loss,/users/bfalkenb/scratch/bfalkenb/data/snn_checkpoints/bmi/indy/no_tau_syn_sweep/indy_20161024_03/base_thr200/final_model_bmi_iaf_hard.pth
indy_20161006_02,small_decay1,63.87919235229492,best_loss,/users/bfalkenb/scratch/bfalkenb/data/snn_checkpoints/bmi/indy/no_tau_syn_sweep/indy_20161006_02/small_decay1/best_model_weights.pth
indy_20160921_01,base_thr150,64.18843078613281,best_loss,/users/bfalkenb/scratch/bfalkenb/data/snn_checkpoints/bmi/indy/no_tau_syn_sweep/indy_20160921_01/base_thr150/checkpoint_bmi_iaf_hard_epoch50.pth
indy_20160921_01,deep_thr125,64.24077606201172,best_loss,/users/bfalkenb/scratch/bfalkenb/data/snn_checkpoints/bmi/indy/no_tau_syn_sweep/indy_20160921_01/deep_thr125/checkpoint_bmi_iaf_hard_epoch50.pth
indy_20160927_06,small_decay1,64.45342254638672,best_loss,/users/bfalkenb/scratch/bfalkenb/data/snn_checkpoints/bmi/indy/no_tau_syn_sweep/indy_20160927_06/small_decay1/checkpoint_bmi_iaf_hard_epoch50.pth
indy_20160921_01,small_decay1,65.62654113769531,best_loss,/users/bfalkenb/scratch/bfalkenb/data/snn_checkpoints/bmi/indy/no_tau_syn_sweep/indy_20160921_01/small_decay1/best_model_weights.pth
indy_20160915_01,base_thr200,65.93875122070312,best_loss,/users/bfalkenb/scratch/bfalkenb/data/snn_checkpoints/bmi/indy/no_tau_syn_sweep/indy_20160915_01/base_thr200/checkpoint_bmi_iaf_hard_epoch50.pth
indy_20160930_02,base_thr200,66.38807678222656,best_loss,/users/bfalkenb/scratch/bfalkenb/data/snn_checkpoints/bmi/indy/no_tau_syn_sweep/indy_20160930_02/base_thr200/checkpoint_bmi_iaf_hard_epoch50.pth
indy_20160927_04,base_thr200,67.53225708007812,best_loss,/users/bfalkenb/scratch/bfalkenb/data/snn_checkpoints/bmi/indy/no_tau_syn_sweep/indy_20160927_04/base_thr200/checkpoint_bmi_iaf_hard_epoch50.pth
indy_20161005_06,small_decay1,67.97955322265625,best_loss,/users/bfalkenb/scratch/bfalkenb/data/snn_checkpoints/bmi/indy/no_tau_syn_sweep/indy_20161005_06/small_decay1/final_model_bmi_iaf_hard.pth
indy_20161007_02,small_decay1,68.37012481689453,best_loss,/users/bfalkenb/scratch/bfalkenb/data/snn_checkpoints/bmi/indy/no_tau_syn_sweep/indy_20161007_02/small_decay1/final_model_bmi_iaf_hard.pth
indy_20161006_02,base_thr200,68.68416595458984,best_loss,/users/bfalkenb/scratch/bfalkenb/data/snn_checkpoints/bmi/indy/no_tau_syn_sweep/indy_20161006_02/base_thr200/checkpoint_bmi_iaf_hard_epoch50.pth
indy_20161005_06,base_thr200,72.86115264892578,best_loss,/users/bfalkenb/scratch/bfalkenb/data/snn_checkpoints/bmi/indy/no_tau_syn_sweep/indy_20161005_06/base_thr200/best_model_weights.pth
indy_20160921_01,base_thr200,75.42970275878906,best_loss,/users/bfalkenb/scratch/bfalkenb/data/snn_checkpoints/bmi/indy/no_tau_syn_sweep/indy_20160921_01/base_thr200/final_model_bmi_iaf_hard.pth
indy_20161007_02,base_thr200,76.04348754882812,best_loss,/users/bfalkenb/scratch/bfalkenb/data/snn_checkpoints/bmi/indy/no_tau_syn_sweep/indy_20161007_02/base_thr200/checkpoint_bmi_iaf_hard_epoch50.pth
indy_20160927_06,base_thr200,76.10914611816406,best_loss,/users/bfalkenb/scratch/bfalkenb/data/snn_checkpoints/bmi/indy/no_tau_syn_sweep/indy_20160927_06/base_thr200/best_model_weights.pth
